名称,0时,1时,2时,3时,4时,5时,6时,7时,8时,9时,10时,11时,12时,13时,14时,15时,16时,17时,18时,19时,20时,21时,22时,23时,24时,25时,26时,27时,28时,29时,质量差计数,缺失数据计数
学10栋10201室电表,0.14,0.07,0.07,0.09,0.09,0.1,0.1,0.32,0.17,0.11,0.21,0.51,0.22,0.19,0.12,0.12,0.42,0.43,0.39,0.41,0.36,0.56,0.52,0.27,0.27,0.15,0,0.14,0.05,0.11,0,0
学10栋10205室电表,0.19,0.01,0.02,0.02,0.02,0.04,0.02,0.25,0.06,0.06,0.06,0.06,0.14,0.08,0.03,0.04,0.34,0.59,0.64,0.45,0.39,0.4,0.68,0.52,0.14,0.09,0,0.09,0.09,0.07,0,0
学10栋10206室电表,0.05,0.03,0.01,0,0.03,0.01,0.04,0.32,0.05,0.02,0.11,0,0.69,0.34,0.32,0,0.6,0.29,0.38,0,0.41,0.18,0.32,0.4,0.26,0.14,0,0.09,0.09,0.09,0,0
学10栋10207室电表,0.25,0.03,0.03,0.03,0.02,0.03,0.05,0.09,0.05,0.03,0.47,0.55,0.34,0.17,0.13,0.18,0.26,0.29,0.81,0.64,0.55,0.69,0.74,0.73,0.29,0.04,0,0.02,0.03,0.03,0,0
学10栋10208室电表,0.39,0.13,0.02,0.01,0.03,0.02,0.03,0.05,0.06,0.06,0.03,0.02,0.17,0.11,0.02,0.02,0.04,0.24,0.43,0.29,0.42,0.39,0.4,0.37,0.38,0.02,0,0.02,0.01,0.02,0,0
学10栋10212室电表,0.19,0.13,0.09,0.08,0.09,0.08,0.09,0.09,0.17,0.12,0.08,0.08,0.09,0.14,0.2,0.09,0.09,0.44,0.3,0.38,0.08,0.1,0.21,0.22,0.24,0.11,0.08,0.09,0.08,0.08,0,0
学10栋10217室电表,0.48,0.14,0.12,0.09,0.08,0.08,0.09,0.24,0.25,0.17,0.13,0.14,0.16,0.44,0.34,0.18,0.19,0.54,0.69,0.55,0.37,0.36,0.46,0.55,0.55,0.28,0.18,0.16,0.15,0.15,0,0
学10栋10220室电表,0.37,0.09,0.01,0.02,0.01,0.01,0.01,0.02,0.06,0.37,0.26,0.03,0.01,0.23,0.48,0.01,0.01,0.01,0.13,0.42,0.45,0.43,0.33,0.68,0.73,0.55,0.35,0.01,0.04,0.01,0,0
学10栋10221室电表,0.4,0.46,0.37,0.35,0.31,0.28,0.28,0.28,0.04,0,0,0.04,0.02,0.22,0.18,0.55,0.48,0.48,0.54,0.47,0.48,0.44,0.44,0.49,0.52,0.36,0.33,0.32,0.31,0.32,0,0
学10栋10223室电表,0.05,0.44,0.8,0.77,0.68,0.01,0.01,0.01,0.23,0.04,0.01,0.03,0.06,0.12,0.07,0.08,0.11,0.13,0.3,0.27,0.17,0.18,0.39,0.28,0.34,0.2,0.02,0.02,0.02,0.03,0,0
学10栋10225室电表,0.36,0.25,0.14,0.11,0.1,0.09,0.09,0.13,0.37,0.1,0.09,0.11,0.09,0.35,0.36,0.36,0.33,0.38,0.36,0.41,0.42,0.42,0.51,0.58,0.39,0.27,0.13,0.12,0.09,0.1,0,0
学10栋10227室电表,0.34,0.39,0.26,0.13,0.03,0.03,0.01,0.05,0.07,0.04,0.02,0.02,0.17,0.14,0.02,0.02,0.01,0.01,0.04,0.21,0.15,0.11,0.3,0.3,0.2,0.06,0.06,0.24,0.37,0.26,0,0
学10栋10230室电表,0.38,0.35,0.03,0.01,0.02,0.01,0.02,0.01,0.25,0.02,0.01,0.02,0,0.14,0.14,0.08,0.08,0.08,0.1,0.45,0.32,0.42,0.55,0.47,0.13,0.07,0.03,0.05,0.03,0.02,0,0
学10栋10231室电表,0.4,0.3,0.04,0.01,0.02,0.01,0.01,0.05,0.13,0.25,0.2,0.14,0.09,0.73,0.49,0.15,0.15,0.24,0.29,1.01,0.88,1.04,0.96,0.96,0.42,0.2,0.02,0.02,0.01,0.01,0,0
学10栋10233室电表,0.18,0.19,0.23,0.16,0.14,0.1,0.1,0.13,0.25,0.09,0.08,0.08,0.08,0.17,0.16,0.08,0.09,0.26,0.27,0.32,0.17,0.24,0.32,0.33,0.21,0.25,0.2,0.04,0.02,0.03,0,0
学10栋10303室电表,0.27,0.02,0.01,0.01,0.01,0,0.05,0.24,0.02,0.01,0,0.02,0.12,0.19,0.25,0.19,0.14,0.19,0.27,0.18,0.29,0.41,0.41,0.38,0.46,0.15,0,0.03,0.02,0.01,0,0
学10栋10306室电表,0.45,0.05,0.02,0.02,0.02,0.01,0.03,0.11,0.03,0.02,0.02,0.03,0.1,0.08,0.02,0.02,0.05,0.08,0.64,0.29,0.92,0.25,0.21,0.22,0.22,0.18,0,0.02,0.03,0.02,0,0
学10栋10309室电表,0.07,0.04,0.03,0.01,0.01,0.01,0.03,0.04,0.01,0,0.01,0.01,0.24,0.45,0.46,0.34,0.46,0.51,0.26,0.04,0.48,0.57,0.55,0.42,0.12,0.01,0,0.01,0,0.01,0,0
学10栋10310室电表,0.37,0.17,0.03,0.03,0.02,0.02,0.03,0.07,0.12,0.12,0.09,0.09,0.24,0.37,0.29,0.28,0.24,0.26,0.21,0.22,0.29,0.29,0.31,0.3,0.14,0.09,0,0.08,0.07,0.09,0,0
学10栋10312室电表,0.74,0.13,0.04,0.03,0.03,0.03,0.03,0.04,0.09,0.04,0.04,0.08,0.28,0,0.03,0.24,0.4,0.59,1.18,0,1.6,0,1.81,0.14,0.5,0.25,0.05,0.03,0.02,0.02,0,0
学10栋10313室电表,0.82,0.65,0.51,0.45,0.36,0.38,0.8,0,0.42,0.37,0.35,0.35,0.97,0,0.89,0,0.27,0.33,0.69,0,0.82,0,1.08,0.1,0.67,0.7,0.51,0.5,0.4,0.41,0,0
学10栋10315室电表,0.52,0.32,0.23,0.01,0.01,0,0.01,0.02,0.03,0.03,0.01,0,0.22,0,0.3,0,0.04,0.08,0.37,0,0.25,0,0.91,0.09,0.35,0.34,0.18,0.05,0.01,0.01,0,0
学10栋10316室电表,0.34,0.43,0.35,0.05,0,0.01,0.06,0,0.07,0.05,0,0.01,0.12,0,0.16,0,0.01,0.01,0.29,0,0.87,0,1.3,0,0.43,0.38,0.28,0.2,0,0.01,0,0
学10栋10318室电表,0.35,0.07,0.03,0.04,0.03,0.03,0.04,0,0.1,0.03,0.01,0.02,0.31,0,0.2,0,0.02,0.02,0.41,0,0.86,0,0.77,0,0.45,0.06,0.05,0.04,0.04,0.05,0,0
学10栋10321室电表,0.41,0.37,0.28,0.24,0.05,0.03,0.01,0.15,0.06,0.08,0.21,0.02,0.02,0.23,0.18,0.01,0.01,0.02,0.39,0,0.58,0,0.25,0.22,0.26,0.24,0.11,0.08,0.04,0.02,0,0
学10栋10327室电表,0.44,0.18,0.07,0.06,0.05,0.05,0.05,0.08,0.07,0.05,0.06,0.06,0.19,0.18,0.18,0,0.06,0.06,0.53,0,1.08,0,1.09,0,0.3,0.22,0.11,0.05,0.05,0.06,0,0
学10栋10328室电表,0.14,0.12,0.1,0.1,0.09,0.09,0.19,0,0.11,0.1,0.07,0.1,0.2,0,0.2,0,0.25,0.09,0.25,0,0.34,0,0.61,0,0.67,0.28,0.17,0.15,0.09,0.09,0,0
学10栋10332室电表,0.44,0.2,0.02,0.01,0.01,0.01,0.04,0,0.22,0.03,0.02,0.29,0.62,0,0.3,0,0.14,0.45,0.91,0,0.44,0,1.24,0,0.43,0.11,0.03,0.04,0.02,0.01,0,0
学10栋10333室电表,0.5,0.38,0.23,0.21,0.02,0.02,0.08,0,0.19,0.09,0.05,0.5,0.81,0,0.78,0,0.61,0.43,1.17,0,1.16,0,1.04,0,0.57,0.33,0.05,0.02,0.01,0.01,0,0
学10栋10337室电表,0.33,0.14,0.07,0.04,0.03,0.03,0.05,0.19,0.13,0.08,0.13,0.1,0.09,0.08,0.1,0.11,0.18,0.29,0.56,0.41,0.49,0.52,0.54,0.63,0.49,0.3,0,0.22,0.13,0.11,0,0
学10栋10401室电表,1.06,0.71,0.49,0.21,0.07,0.03,0.04,0.03,0.03,0.05,0.03,0.24,0.51,0.27,0.3,0.33,0.58,0.55,0.7,0.59,0.07,0.3,0.57,0.55,0.53,0.52,0.44,0.1,0.05,0.04,0,0
学10栋10402室电表,0.69,0.3,0.13,0.18,0.11,0.1,0.1,0.1,0.09,0.19,0.18,0.37,0.7,0.69,0.59,0.55,0.52,0.53,0.61,0.7,0.3,0.59,0.72,0.74,0.64,0.47,0.23,0.14,0.02,0.02,0,0
学10栋10403室电表,0.73,0.48,0.45,0.12,0.01,0.01,0.01,0.02,0.12,0.04,0.01,0.19,0.36,0.46,0.41,0.25,0.45,0.27,0.29,0.3,0.2,0.75,0.94,0.87,0.8,0.44,0.42,0.06,0.01,0.02,0,0
学10栋10405室电表,0.18,0.2,0.15,0.11,0.12,0.09,0.09,0.09,0.28,0.12,0.07,0.85,0.39,0.34,0.26,0.25,0.46,1.04,0.91,0.98,0.66,0.37,0.35,0.23,0.16,0.13,0.11,0.1,0.07,0.08,0,0
学10栋10406室电表,0.21,0.07,0.03,0.04,0.03,0.01,0.02,0.01,0.1,0.04,0.01,0.29,0.52,0.42,0.4,0.43,0.38,0.45,0.45,0.3,0.19,0.46,0.54,0.38,0.24,0.21,0.13,0.11,0.11,0.1,0,0
学10栋10408室电表,0.47,0.09,0.29,0.11,0.03,0.02,0.02,0.01,0.23,0.04,0.01,0.05,0.04,0.04,0.05,0.1,0.49,0.57,0.63,0.2,0.08,0.57,0.81,0.62,0.72,0.44,0.02,0.02,0.01,0.01,0,0
学10栋10409室电表,0.18,0.13,0.09,0.05,0.11,0.2,0.08,0.02,0.02,0.04,0.24,0.37,0.23,0.04,0.15,0.02,0.02,0.03,0.09,0.11,0.05,0.15,0.19,0.51,0.41,0.34,0.3,0.14,0.12,0.04,0,0
学10栋10413室电表,0.18,0.14,0.12,0.09,0.1,0.08,0.11,0.08,0,0.01,0.01,0.01,0.01,0.05,0.16,0.16,0.1,0.02,0.16,0.08,0.02,0.48,0.61,0.61,0.39,0.32,0.29,0.26,0.19,0.13,0,0
学10栋10418室电表,0.87,0.78,0.2,0.18,0.16,0.17,0.17,0.01,0.2,0.21,0.2,0.19,0.23,0.6,0.53,0.21,0.2,0.63,0.65,0.5,0.35,1.02,1,0.89,1.16,0.44,0.03,0.03,0.01,0.01,0,0
学10栋10419室电表,0.29,0.44,0.04,0.01,0.01,0.01,0.01,0.23,0.15,0.04,0,0.01,0.07,0.28,0.2,0.28,0.08,0.21,0.42,0.32,0.14,0.17,0.15,0.19,0.38,0.07,0.03,0.01,0.01,0.01,0,0
学10栋10420室电表,0.32,0.04,0.01,0.02,0.01,0.01,0.02,0.02,0.1,0.09,0.02,0.01,0.01,0.38,0.21,0.03,0.02,0.26,0.36,0.15,0.18,0.42,0.64,0.64,0.34,0.06,0.02,0.02,0.02,0.01,0,0
学10栋10423室电表,0.79,0.77,0.64,0.64,0.5,0.56,0.57,0.13,0.33,0.07,0.03,0.1,0.04,0.1,0.09,0.05,0.03,0.16,0.26,0.5,0.59,0.59,0.57,0.58,0.74,0.31,0.18,0.13,0.12,0.12,0,0
学10栋10426室电表,0.13,0.14,0.05,0.01,0.03,0.01,0.01,0.02,0.17,0.06,0.03,0.01,0,0.37,0.19,0.08,0.14,0.27,0.25,0.31,0.22,0.33,0.28,0.28,0.44,0.2,0.03,0.03,0.02,0.02,0,0
学10栋10429室电表,0.39,0.18,0.05,0.03,0.01,0.02,0.01,0.03,0.14,0.02,0.01,0.01,0.01,0.12,0.24,0.11,0.09,0.26,0.49,0.4,0.14,0.2,0.64,0.54,0.46,0.2,0.03,0.05,0.02,0.01,0,0
学10栋10431室电表,0.2,0.06,0.03,0.01,0.02,0.01,0.01,0.04,0.15,0.03,0.03,0.03,0.03,0.28,0.46,0.29,0.3,0.45,0.37,0.21,0.08,0.24,0.35,0.25,0.26,0.03,0.02,0,0.01,0.01,0,0
学10栋10432室电表,0.49,0.38,0.02,0,0.01,0.01,0.01,0.01,0.06,0.01,0,0.01,0.01,0.12,0.31,0.42,0.26,0.3,0.28,0.23,0.19,0.52,0.66,0.54,0.49,0.43,0.02,0,0.01,0.01,0,0
学10栋10440室电表,0.42,0.13,0.02,0.03,0.02,0.02,0.02,0.02,0.27,0.04,0.03,0.07,0.43,0.4,0.13,0.03,0.03,0.52,0.52,0.64,0.41,0.8,0.81,0.62,0.55,0.46,0.2,0.06,0.03,0.02,0,0
学10栋10443室电表,0.21,0.07,0.04,0.01,0.01,0.01,0.01,0.02,0.15,0.09,0.03,0.01,0.07,0.47,0.49,0.3,0.17,0.15,0.12,0.41,0.3,0.4,0.67,0.45,0.39,0.09,0.01,0.01,0.04,0.01,0,0
学10栋10502室电表,0.1,0.09,0.09,0.09,0.1,0.1,0.1,0.13,0.07,0.01,0.02,0.15,0.54,0.32,0.05,0.04,0.05,0.21,0.41,0.57,0.66,0.46,0.4,0.52,0.2,0.03,0,0.02,0.02,0.02,0,0
学10栋10505室电表,0.01,0,0.01,0.01,0.01,0.01,0.03,0.12,0.03,0.18,0.19,0.02,0.07,0.14,0.01,0.01,0.01,0.41,0.62,0.56,0.49,0.42,0.5,0.34,0.02,0.03,0,0.09,0.04,0.01,0,0
学10栋10506室电表,0.04,0.03,0.01,0,0.01,0.01,0.02,0.06,0.04,0.02,0.04,0.08,0.46,0.21,0.19,0.12,0.05,0.15,0.34,0.28,0.45,0.44,0.49,0.41,0.14,0.03,0,0.02,0.01,0,0,0
学10栋10509室电表,0.03,0.03,0.02,0.02,0.01,0.02,0.02,0.07,0.02,0.01,0.01,0.05,0.41,0.26,0.13,0.12,0.13,0.3,0.61,0.63,0.61,0.6,0.71,0.17,0.03,0.02,0,0.05,0.03,0.01,0,0
学10栋10511室电表,0.05,0.02,0.01,0.01,0.01,0.01,0.02,0.11,0.04,0.03,0.15,0.21,0.23,0.16,0.08,0.08,0.12,0.21,0.16,0.15,0.4,0.34,0.37,0.2,0.04,0.19,0,0.4,0.4,0.38,0,0
学10栋10512室电表,0.45,0.21,0.08,0.03,0.01,0.01,0.03,0.13,0.24,0.01,0,0,0,0.43,0.21,0,0,0,0.19,0.28,0.4,0.36,0.44,0.43,0.51,0.18,0.11,0.1,0.11,0.11,0,0
学10栋10513室电表,0.56,0.09,0.04,0.01,0,0.01,0.01,0.02,0.02,0.05,0,0.08,0.46,0.49,0.08,0.03,0.01,0.02,0.11,0.5,0.47,0.62,0.89,0.78,0.51,0.13,0.02,0.01,0.01,0.03,0,0
学10栋10516室电表,0.54,0.03,0.02,0.01,0,0.01,0.01,0.01,0.04,0.09,0.01,0,0.01,0.29,0.14,0.01,0,0.01,0.01,0.72,0.88,0.78,0.87,1.16,1.01,0.47,0.2,0,0.01,0,0,0
学10栋10521室电表,0.29,0.14,0.05,0.02,0.01,0.01,0.01,0.02,0.07,0.09,0.07,0.07,0.11,0.26,0.5,0.05,0.04,0.03,0.16,0.63,0.6,0.64,0.62,0.57,0.54,0.36,0.01,0.01,0.01,0.01,0,0
学10栋10526室电表,0.25,0.14,0.12,0.1,0.09,0.08,0.08,0.09,0.02,0.01,0.01,0.01,0.01,0.02,0.06,0.02,0.03,0.04,0.05,0.5,0.3,0.34,0.47,0.81,0.88,0.22,0.14,0.1,0.1,0.09,0,0
学10栋10527室电表,0.64,0.57,0.06,0.01,0.02,0.01,0.01,0.01,0.03,0.04,0.03,0.02,0.01,0.24,0.14,0.01,0.03,0.01,0.01,0.28,0.29,0.32,0.59,0.76,0.42,0.02,0.02,0.02,0.02,0.01,0,0
学10栋10528室电表,0.29,0.29,0.18,0.04,0.03,0.05,0.03,0.06,0.05,0.04,0.05,0.05,0.04,0.21,0.13,0.04,0.04,0.14,0.2,0.73,0.69,0.69,0.57,0.57,0.42,0.2,0.19,0.2,0.19,0.04,0,0
学10栋10529室电表,0.34,0.27,0.22,0.21,0.22,0.21,0.11,0.07,0.09,0.05,0.06,0.08,0.09,0.34,0.21,0.06,0.06,0.06,0.06,0.62,0.51,0.59,0.59,0.57,0.63,0.43,0.43,0.25,0.21,0.16,0,0
学10栋10531室电表,0.08,0.05,0.04,0.03,0.02,0.02,0.02,0.04,0.17,0.04,0.06,0.08,0.07,0.14,0.13,0.06,0.05,0.02,0.19,0.38,0.44,0.42,0.34,0.28,0.28,0.32,0.19,0.04,0.03,0.02,0,0
学10栋10532室电表,0.43,0.35,0.15,0.3,0.27,0.11,0.11,0.14,0.31,0.07,0.02,0.06,0.05,0.81,0.37,0.01,0.01,0.01,0.08,0.57,0.92,1.12,0.93,0.6,0.45,0.44,0.04,0.01,0.02,0.01,0,0
学10栋10533室电表,0.42,0.14,0.06,0.03,0.01,0.02,0.01,0.01,0.08,0.1,0.19,0.12,0.12,0.23,0.11,0.07,0.07,0.07,0.23,0.71,0.29,0.26,0.35,0.3,0.28,0.08,0.04,0.09,0.02,0.01,0,0
学10栋10535室电表,0.35,0.08,0.02,0.02,0.01,0.01,0.01,0.19,0.15,0.12,0.29,0.07,0.01,0.46,0.19,0.01,0,0.01,0.07,0.65,0.9,0.92,1.31,1.38,0.74,0.57,0.41,0.34,0.3,0.28,0,0
学10栋10536室电表,0.42,0.25,0.02,0.03,0.01,0.02,0.03,0.18,0.02,0.01,0.04,0.04,0.03,0.01,0.14,0.19,0.18,0.45,0.33,0.16,0.41,0.54,0.41,0.27,0.08,0.03,0,0.02,0.01,0.02,0,0
学10栋10537室电表,0.14,0.11,0.1,0.1,0.1,0.1,0.11,0.09,0.09,0.23,0.37,0.44,0.56,0.35,0.32,0.38,0.35,0.34,0.28,0.48,0.53,0.49,0.43,0.31,0.25,0.1,0,0.06,0.06,0.05,0,0
学10栋10540室电表,0.1,0.05,0.01,0.01,0.01,0.01,0.02,0.04,0.03,0.01,0.07,0.05,0.08,0.08,0.11,0.11,0.07,0.1,0.08,0.22,0.6,0.5,0.48,0.48,0.39,0.2,0,0.21,0.21,0.2,0,0
学10栋10542室电表,0.33,0.05,0.02,0.01,0.02,0.01,0.04,0.29,0.03,0.01,0.13,0.05,0.01,0.02,0.19,0.2,0.54,0.45,0.71,0.57,0.67,0.54,0.59,0.58,0.2,0.03,0,0.04,0.02,0.02,0,0
学10栋10543室电表,0.84,0.07,0.02,0.03,0.01,0.01,0.03,0.06,0.02,0.09,0.09,0.02,0.01,0.02,0.01,0.17,0.66,0.77,0.6,0.38,0.91,0.89,0.7,0.33,0.07,0.01,0,0.01,0.02,0,0,0
学10栋10601室电表,0.37,0.15,0.09,0.08,0.06,0.03,0.06,0.04,0.11,0.16,0.11,0.09,0.14,0.2,0.14,0.08,0.07,0.11,0.54,0.71,0.71,0.72,0.61,0.59,0.5,0.3,0.09,0.05,0.02,0.04,0,0
学10栋10603室电表,0.34,0.06,0.05,0.05,0.03,0.02,0.01,0.01,0.04,0.03,0.01,0.12,0.36,0.44,0.2,0.13,0.27,0.29,0.5,0.26,0.18,0.28,0.44,0.65,0.58,0.5,0.18,0.01,0.01,0.01,0,0
学10栋10605室电表,0.4,0.17,0.05,0.04,0.01,0.01,0.02,0.01,0.03,0.01,0.01,0.03,0.07,0.08,0.04,0,0.17,0.35,0.42,0.33,0.38,0.38,0.28,0.39,0.38,0.04,0.05,0.01,0.03,0.01,0,0
学10栋10606室电表,1.03,1.03,0.65,0.12,0.02,0.01,0.02,0.01,0.04,0.02,0.01,0.25,0.59,0.5,0.35,0.06,0.36,0.37,0.43,0.38,0.39,0.51,0.6,0.56,0.61,0.21,0.1,0.03,0.02,0.01,0,0
学10栋10607室电表,0.54,0.24,0.17,0.14,0.12,0.05,0.05,0.04,0.04,0.02,0.01,0.25,0.49,0.75,0.75,0.16,0.41,0.7,0.65,0.71,0.52,0.82,0.77,0.74,0.58,0.33,0.25,0.15,0.1,0.04,0,0
学10栋10608室电表,0.52,0.33,0.27,0.28,0.26,0.26,0.33,0.14,0.02,0.02,0.02,0.04,0.06,0.19,0.16,0.1,0.08,0.01,0.03,0.23,0.32,0.48,0.58,0.33,0.26,0.05,0.03,0.03,0.02,0.01,0,0
学10栋10609室电表,0.39,0.09,0.03,0.04,0.02,0.02,0.02,0.02,0.19,0.08,0.02,0.04,0.02,0.53,0.51,0.46,0.33,0.02,0.27,0.68,0.05,0.33,0.64,0.63,0.51,0.24,0.08,0.02,0.03,0.03,0,0
学10栋10610室电表,0.3,0.24,0.08,0.07,0.06,0.06,0.07,0.09,0.11,0.08,0.07,0.1,0.12,0.22,0.26,0.22,0.21,0.06,0.12,0.32,0.13,0.31,0.61,0.74,0.69,0.26,0.12,0.12,0.07,0.07,0,0
学10栋10611室电表,0.31,0.05,0.01,0.01,0.01,0.01,0.01,0.01,0.05,0.03,0.01,0,0.01,0.43,0.34,0.32,0.23,0.04,0.31,0.49,0.2,0.78,0.66,0.77,0.69,0.2,0.15,0.04,0.04,0.02,0,0
学10栋10612室电表,1.13,0.47,0.26,0.23,0.05,0.02,0.01,0.03,0.06,0.01,0.01,0.03,0.06,0.61,0.59,0.59,0.53,0.3,0.54,0.6,0.29,1.3,0.88,1.2,0.97,0.7,0.42,0.25,0.13,0.01,0,0
学10栋10616室电表,0.33,0.19,0.06,0.05,0.05,0.03,0.04,0.05,0.06,0.02,0.01,0.01,0.01,0.11,0.17,0.13,0.12,0.1,0.4,0.43,0.38,0.45,0.59,0.68,0.54,0.4,0.21,0.06,0.05,0.03,0,0
学10栋10618室电表,0.03,0.02,0.03,0.02,0.02,0.01,0.02,0.02,0.07,0.02,0,0.01,0,0.33,0.07,0.03,0.08,0.25,0.25,0.34,0.39,0.21,0.31,0.64,0.67,0.37,0.3,0.3,0.3,0.13,0,0
学10栋10619室电表,0.2,0.04,0,0.01,0.01,0.01,0.01,0.01,0.03,0.01,0,0.01,0.01,0.24,0.38,0.08,0.08,0.47,0.53,0.54,0.37,0.3,0.34,0.38,0.25,0.19,0.1,0.01,0.01,0,0,0
学10栋10620室电表,0.17,0.15,0.12,0.12,0.06,0.06,0.05,0.07,0.09,0.05,0.01,0.05,0.23,0.35,0.39,0.1,0.08,0.2,0.47,0.8,0.75,0.52,0.47,0.5,0.58,0.32,0.22,0.21,0.13,0.11,0,0
学10栋10626室电表,0.46,0.06,0.3,0.12,0.03,0.01,0.01,0.01,0.01,0.08,0.08,0.07,0.06,0.38,0.16,0.17,0.08,0.07,0.12,0.37,0.61,0.44,0.47,0.38,0.42,0.35,0.13,0.04,0.02,0.01,0,0
学10栋10628室电表,0.42,0.51,0.21,0.02,0.02,0.01,0.01,0.02,0.34,0.03,0.01,0,0.01,0.52,0.38,0,0.01,0.45,0.68,0.49,0.33,0.22,0.29,0.52,0.5,0.14,0.05,0.03,0.03,0.02,0,0
学10栋10631室电表,0.38,0.27,0.3,0.08,0.07,0.06,0.07,0.11,0.22,0.18,0.18,0.17,0.18,0.34,0.47,0.51,0.36,0.23,0.33,0.65,0.75,0.78,0.83,0.71,0.51,0.47,0.21,0.04,0.03,0.06,0,0
学10栋10635室电表,0.24,0.13,0.01,0.01,0.01,0.01,0.01,0.01,0.37,0.02,0,0,0,0.34,0.36,0.34,0.17,0.09,0.23,0.57,0.47,0.52,0.6,0.5,0.3,0.16,0.01,0.01,0.01,0.01,0,0
学10栋10640室电表,0.48,0.04,0.03,0.01,0.02,0.02,0.02,0.02,0.05,0.29,0.31,0.31,0.3,0.48,0.03,0.04,0.02,0.2,0.28,0.62,0.75,0.63,0.71,0.69,0.2,0.04,0.01,0.01,0.02,0.01,0,0
学10栋10641室电表,0.23,0.03,0.01,0.01,0.01,0.01,0.01,0.02,0.02,0.02,0.02,0.06,0.08,0.13,0.1,0.01,0.37,0.49,0.5,0.52,0.29,0.26,0.31,0.34,0.12,0.02,0.02,0.01,0.01,0,0,0
学10栋10642室电表,0.58,0.28,0.16,0.02,0.03,0.01,0.01,0.02,0.01,0.02,0.01,0.25,0.42,0.47,0.35,0.06,0.28,0.32,0.25,0.18,0.12,0.26,0.25,0.25,0.18,0.01,0.01,0.01,0.02,0.01,0,0
学10栋10643室电表,0.67,0.12,0.16,0.05,0.05,0.01,0.02,0.01,0.05,0.06,0.05,0.04,0.05,0.01,0.04,0.05,0.39,0.77,0.76,0.82,0.81,0.73,0.94,0.71,0.58,0.66,0.31,0.05,0.05,0.01,0,0
学10栋10702室电表,0.23,0.02,0.01,0.01,0,0.01,0.01,0.04,0.01,0,0,0,0.34,0.48,0.06,0.07,0.07,0.54,0.82,0.82,0.85,0.72,0.74,0.51,0,0.19,0.05,0.01,0.01,0.02,0,0
学10栋10703室电表,0.03,0.01,0.01,0.01,0.02,0.01,0.01,0.07,0.03,0.03,0.02,0.01,0.07,0.03,0.01,0.01,0.01,0.33,0.44,0.58,0.53,0.47,0.48,0.51,0,0.33,0.28,0.02,0.02,0.02,0,0
学10栋10705室电表,0.18,0.09,0.01,0,0.01,0.01,0,0.04,0,0.01,0,0.01,0.17,0.13,0.02,0.14,0.17,0.23,0.21,0.39,0.22,0.49,1.02,0.36,0,0.14,0.06,0.06,0.06,0.07,0,0
学10栋10706室电表,0.32,0.1,0.1,0.09,0.1,0.09,0.11,0.13,0.09,0.12,0.1,0.2,0.51,0.49,0.32,0.32,0.4,0.38,0.36,0.55,0.6,0.71,0.56,0.71,0,0.51,0.42,0.23,0.1,0.09,0,0
学10栋10708室电表,0.16,0.04,0.02,0.02,0.02,0.02,0.02,0.1,0.05,0.06,0.06,0.06,0.21,0.27,0.12,0.14,0.24,0.18,0.2,0.4,0.36,0.47,0.55,0.3,0,0.08,0.08,0.07,0.06,0.06,0,0
学10栋10709室电表,0.3,0.27,0.04,0.04,0.04,0.05,0.04,0.05,0.03,0.03,0.14,0.21,0.1,0.07,0.01,0.01,0.01,0.02,0.78,0.48,0.34,0.38,0.42,0.5,0,0.23,0.13,0.05,0.05,0.04,0,0
学10栋10710室电表,0.14,0.03,0.03,0.01,0.01,0.01,0.01,0.03,0.01,0.01,0.17,0.23,0.2,0.14,0.01,0.01,0,0.05,0.52,0.46,0.4,0.4,0.54,0.47,0,0.21,0.11,0.14,0.13,0.02,0,0
学10栋10711室电表,0.03,0.01,0.01,0.01,0.01,0,0.02,0.07,0.02,0.13,0.53,0.38,0.42,0.3,0.18,0.17,0.15,0.15,0.52,0.48,0.51,0.53,0.57,0.61,0.03,0.02,0.01,0.02,0.01,0.01,0,0
学10栋10722室电表,0,0.28,0,0.02,0,0.02,0,0.04,0,0.41,0,0.34,0.02,0.67,0,0.09,0,0.06,0.06,0.51,0,1.02,0,0.69,0,0.65,0,0.31,0,0.21,0,0
学10栋10725室电表,0,0.66,0,0.27,0,0.17,0,0.06,0,0.51,0,0.29,0.02,0.71,0,0.17,0,0.18,0.04,0.64,0,0.88,0,0.9,0.05,0.36,0,0.04,0,0.02,0,0
学10栋10726室电表,0,0.11,0,0.02,0,0.03,0,0.02,0,0.46,0,0.43,0,0.94,0,0.41,0,0.41,0.04,0.56,0,1.07,0,1.27,0.04,0.04,0,0.02,0,0.03,0,0
学10栋10727室电表,0,0.08,0,0.04,0,0.03,0,0.03,0,0.65,0,0.25,0,0.67,0,0.27,0,0.32,0.04,0.47,0,1.28,0,0.95,0.07,0.4,0,0.03,0,0.03,0,0
学10栋10732室电表,0,0.42,0,0.11,0,0.05,0,0.08,0,0.4,0,0.4,0,0.69,0,0.56,0,0.38,0,0.37,0,0.73,0,1.31,0,0.68,0,0.49,0,0.32,0,0
学10栋10733室电表,0,0.8,0,0.06,0,0.03,0,0.05,0,0.24,0,0.14,0,1.45,0,1.62,0,1.36,0,1.03,0,1.03,0,1.02,0,0.44,0,0.17,0,0.12,0,0
学10栋10735室电表,0,0.61,0,0.06,0,0.04,0,0.13,0,0.32,0,0.28,0,0.87,0,0.81,0,0.81,0,1.18,0,1.4,0,0.94,0,0.59,0,0.04,0,0.02,0,0
学10栋10737室电表,0.35,0.09,0.1,0.07,0.08,0.07,0.08,0.09,0.06,0.07,0.36,0.41,0.39,0.2,0.07,0.07,0.07,0.09,0.55,0.57,0.52,0.63,0.68,0.44,0.09,0.35,0.23,0.15,0.04,0.05,0,0
学10栋10738室电表,0.11,0.05,0.02,0.03,0.02,0.03,0.04,0.04,0.01,0.02,0.34,0.62,0.62,0.24,0.03,0.03,0.03,0.07,0.39,0.42,0.57,0.53,0.65,0.36,0.05,0.15,0.04,0.02,0.03,0.03,0,0
学10栋10741室电表,0.28,0.15,0.09,0.07,0.07,0.07,0.07,0.08,0.14,0.16,0.17,0.15,0.32,0.28,0.18,0.18,0.21,0.25,0.28,0.34,0.32,0.3,0.27,0.18,0.03,0.22,0.11,0.07,0.06,0.07,0,0
学10栋10742室电表,0.04,0.03,0.04,0.03,0.02,0.03,0.03,0.21,0.09,0.07,0.04,0.02,0.3,0.36,0.07,0.07,0.06,0.27,0.21,0.17,0.42,0.41,0.7,0.19,0.01,0.14,0.04,0.03,0.02,0.03,0,0
学1栋1201室电表,0.28,0.27,0.31,0.31,0.28,0.26,0.24,0.24,0.26,0.15,0.03,0,0.01,0.06,0.09,0.06,0.05,0.08,0.12,0.1,0.05,0.17,0.39,0.63,0.34,0.3,0.2,0.04,0.01,0.01,0,0
学1栋1203室电表,0.09,0.06,0.04,0.03,0.02,0.04,0.02,0.01,0.39,0.39,0.4,0.38,0.37,0.4,0.43,0.36,0.35,0.32,0.38,0.33,0.38,0.37,0.43,0.4,0.38,0.35,0.38,0.34,0.35,0.36,0,0
学1栋1207室电表,0.13,0.04,0.07,0.07,0.03,0.02,0.03,0.01,0.03,0.02,0.02,0.01,0.02,0.14,0.11,0.01,0.02,0.04,0.11,0.06,0.02,0.09,0.37,0.53,0.41,0.37,0.37,0.36,0.43,0.33,0,0
学1栋1229室电表,0.54,0.41,0.31,0.21,0.22,0.21,0.23,0.21,0.21,0.24,0.29,0.29,0.27,0.42,0.39,0,0.01,0.04,0.13,0.14,0.08,0.14,0.7,0.58,0.48,0.51,0.44,0.18,0.14,0.12,0,0
学1栋1303室电表,0.06,0.12,0.1,0.09,0.06,0.07,0.06,0.05,0.06,0.01,0.01,0.04,0.07,0.07,0.06,0.01,0.01,0.03,0.45,0.31,0.01,0.22,0.56,0.38,0.31,0.28,0.31,0.31,0.15,0.12,0,0
学1栋1315室电表,0.09,0.13,0.06,0.02,0.02,0.01,0.01,0.01,0.01,0.01,0.01,0.01,0.01,0.23,0.1,0.01,0,0.03,0.16,0.12,0.02,0.08,0.37,0.66,0.9,0.75,0.53,0.1,0.02,0.02,0,0
学1栋1318室电表,0.32,0.23,0.27,0.27,0.36,0.28,0.34,0.3,0.25,0.04,0.06,0.03,0.05,0.46,0.31,0.08,0.09,0.18,1.13,0.95,0.26,0.49,0.44,0.42,0.39,0.34,0.33,0.32,0.26,0.27,0,0
学1栋1320室电表,0.16,0.07,0.08,0.11,0.1,0.1,0.09,0.09,0.08,0,0,0.01,0,0.02,0.02,0,0,0.01,0.81,0.29,0,0.17,0.77,0.38,0.49,0.76,0.8,0.95,0.68,0.67,0,0
学1栋1328室电表,0.48,0.29,0.27,0.33,0.34,0.23,0.23,0.23,0.21,0.2,0.2,0.22,0.22,0.38,0.7,0.01,0,0.12,0.44,0.29,0.02,0.03,0.54,0.32,0.41,0.31,0.32,0.31,0.35,0.14,0,0
学1栋1342室电表,0.06,0.05,0.1,0.05,0.07,0.05,0.05,0.05,0.04,0.05,0.04,0.04,0.04,0.24,0.07,0.04,0.05,0.24,0.62,0.32,0.04,0.06,0.78,0.8,0.59,0.56,0.58,0.56,0.62,0.52,0,0
学1栋1411室电表,0.82,0,0.73,0.06,0.55,0,0.49,0,0.24,0,0.01,0,0.01,0,0.07,0,0.14,0,0.82,0,0.17,0,0.42,0,0.24,0,0.96,0,0.88,0,0,0
学1栋1416室电表,0.35,0,0.18,0.01,0.17,0,0.18,0,0.18,0.01,0.15,0,0.69,0,0.43,0,0.37,0,0.38,0,0.32,0,0.95,0,0.2,0,0.09,0,0.08,0,0,0
学1栋1417室电表,0.72,0,0.07,0,0.04,0,0.03,0,0.1,0.01,0.06,0,0.4,0,0.64,0,0.35,0,0.78,0,1.54,0,1.07,0,0.53,0,0.09,0,0.05,0,0,0
学1栋1418室电表,0.33,0,0.19,0,0.19,0,0.19,0,0.23,0.01,0.2,0,0.19,0,0.4,0.04,0.27,0,0.28,0,0.46,0,0.94,0,0.53,0,0.17,0,0.16,0,0,0
学1栋1419室电表,1,0,0.2,0.01,0.09,0,0.09,0,0.27,0.06,0.58,0,0.47,0,0.33,0.02,0.23,0,0.64,0,0.56,0,0.96,0,0.68,0,0.11,0,0.06,0,0,0
学1栋1420室电表,0.18,0,0.04,0,0.05,0,0.03,0,0.48,0.04,0.48,0,0.44,0,0.37,0.03,0.34,0,0.43,0,0.8,0,0.9,0,0.46,0,0.21,0,0.02,0,0,0
学1栋1421室电表,0.67,0,0.16,0,0.15,0,0.13,0,0.19,0,0.18,0,0.34,0,0.33,0.02,0.63,0,0.64,0,0.61,0,0.54,0,0.52,0,0.25,0,0.15,0,0,0
学1栋1422室电表,0.95,0,0.43,0,0.07,0,0.07,0,0.39,0,0.67,0,0.15,0,0.33,0.04,0.36,0,0.28,0,0.49,0,0.59,0,0.59,0,0.05,0,0.03,0,0,0
学1栋1423室电表,0.4,0,0.09,0,0.03,0,0.02,0,0.05,0,0,0,0.06,0,0.87,0.01,0.71,0,1.18,0,0.28,0.17,1.04,0,0.11,0,0.03,0,0.02,0,0,0
学1栋1425室电表,0,0.64,0,0.41,0,0.26,0,0.27,0,0.09,0,0.06,0,0.66,0,0.83,0,0.95,0,0.72,0,1.04,0,1.32,0,0.78,0,0.4,0,0.24,0,0
学1栋1426室电表,0,0.55,0,0.28,0,0.25,0,0.27,0,0.64,0,1.06,0,1,0,0.69,0,0.41,0,0.47,0,0.84,0,0.9,0,0.51,0,0.52,0,0.48,0,0
学1栋1427室电表,0,0.48,0,0.08,0,0.03,0,0.06,0,0.17,0,0.59,0,0.66,0,0.46,0,0.35,0,1.21,0,1.09,0,0.81,0,0.39,0,0.06,0,0.03,0,0
学1栋1428室电表,0,0.43,0,0.16,0,0.14,0,0.17,0,0.67,0,0.42,0,0.62,0,0.47,0,0.69,0,1.82,0,1.81,0,1.39,0,0.7,0,0.18,0,0.14,0,0
学1栋1429室电表,0,1.4,0,1,0,0.93,0,0.58,0,0.17,0,0.08,0,0.42,0,0.25,0,0.04,0,0.58,0,0.51,0,0.87,0,1.18,0,1.21,0,1.09,0,0
学1栋1430室电表,0,0.86,0,0.1,0,0.03,0,0.02,0,0.05,0,0.04,0,0.38,0,0.24,0,0.48,0,1.44,0,1.61,0,1.39,0,1.01,0,0.54,0,0.24,0,0
学1栋1432室电表,0,0.58,0,0.57,0,0.32,0,0.07,0,0,0,0,0,0.46,0,0.5,0,0.6,0,0.52,0,1.15,0,1.09,0,0.81,0,0.22,0,0.15,0,0
学1栋1436室电表,0,0.04,0,0.02,0,0.03,0,0.03,0,0.01,0,0.02,0,1.06,0,0.95,0,1.82,0,0.66,0,1.35,0,1.64,0,0.27,0,0.02,0,0.02,0,0
学1栋1438室电表,0,0.15,0,0.1,0,0.09,0,0.07,0,0.05,0,0.02,0,0.42,0,0.57,0,1.01,0,0.49,0,1.04,0,0.76,0,0.11,0,0.09,0,0.08,0,0
学1栋1440室电表,0,0.07,0,0.05,0,0.04,0,0.04,0,0.06,0,0.02,0,0.52,0,0.52,0,0.22,0,0.83,0,0.94,0,0.91,0,0.05,0,0.05,0,0.03,0,0
学1栋1442室电表,0,0.19,0,0.04,0,0.03,0,0.04,0,0.02,0,0.02,0,0.65,0,0.46,0,0.41,0,0.65,0,1.66,0,1.11,0,0.72,0,0.31,0,0.03,0,0
学1栋1446室电表,0,0.08,0,0.09,0,0.08,0,0.12,0,0.11,0,0.08,0,0.36,0,0.14,0,0.53,0,0.87,0,1.46,0,1.13,0,0.29,0,0.16,0,0.15,0,0
学1栋1503室电表,0.52,0.42,0.26,0.06,0.04,0.06,0.04,0.04,0.04,0.04,0.01,0.02,0.01,0.16,0.07,0.05,0.04,0.05,0.07,0.59,0.64,0.39,0.35,0.36,0.3,0.2,0.05,0.02,0.02,0.04,0,0
学1栋1506室电表,0.56,0.52,0.22,0.06,0.06,0.04,0.03,0.03,0.05,0.06,0.03,0.01,0.01,0.32,0.21,0.06,0.04,0.04,0.09,0.46,0.36,0.45,0.65,0.54,0.65,0.51,0.39,0.06,0.03,0.06,0,0
学1栋1508室电表,0.55,0.2,0.17,0.12,0.03,0.03,0.03,0.02,0.03,0.05,0.01,0.02,0.01,0.1,0.12,0.05,0.04,0.04,0.1,0.26,0.17,0.3,0.51,0.62,0.32,0.28,0.38,0.29,0.19,0.03,0,0
学1栋1512室电表,0.42,0.43,0.07,0.05,0.01,0.02,0.02,0.02,0.04,0.02,0.03,0.04,0.04,0.27,0.17,0.02,0.01,0.01,0.06,0.45,0.32,0.82,0.68,0.52,0.4,0.18,0.04,0.01,0.02,0.01,0,0
学1栋1513室电表,0.35,0.08,0.01,0.02,0.01,0.02,0.01,0.02,0.03,0.01,0.02,0.01,0.01,0.33,0.33,0.09,0.08,0.08,0.11,0.41,0.49,0.66,0.56,0.44,0.29,0.06,0.03,0.02,0.01,0.02,0,0
学1栋1519室电表,0.19,0.08,0.09,0.11,0.07,0.06,0.05,0.05,0.09,0.31,0.18,0.19,0.17,0.11,0.14,0.04,0.04,0.03,0.07,0.34,0.2,0.29,0.54,0.47,0.2,0.08,0.05,0.06,0.04,0.04,0,0
学1栋1525室电表,0.32,0.28,0.07,0.02,0.02,0.02,0.02,0.02,0.04,0.04,0.19,0.18,0.05,0.26,0.32,0.43,0.38,0.51,0.72,0.7,0.67,0.75,0.73,0.55,0.21,0.1,0.05,0.04,0.02,0.03,0,0
学1栋1528室电表,0.3,0.26,0.23,0.23,0.28,0.23,0.22,0.23,0.08,0.17,0.33,0.04,0.01,0.06,0.31,0.05,0.01,0.18,0.27,0.43,0.29,0.39,0.43,0.33,0.17,0.16,0.25,0.28,0.16,0.04,0,0
学1栋1529室电表,0.38,0.15,0.1,0.03,0.04,0.05,0.04,0.03,0.18,0.39,0.53,0.13,0.09,0.47,0.59,0.14,0.11,0.1,0.35,0.47,0.33,0.67,0.82,0.92,0.49,0.22,0.16,0.1,0.08,0.09,0,0
学1栋1536室电表,0.69,0.11,0.02,0.02,0.02,0.01,0.01,0.02,0.05,0.01,0.13,0.29,0.29,0.56,0.72,0.7,0.81,0.75,0.66,0.62,0.45,0.53,0.87,0.89,0.62,0.07,0.01,0.02,0.01,0.03,0,0
学1栋1538室电表,0.45,0.21,0.1,0.04,0.03,0.02,0.01,0.01,0.02,0.01,0.02,0.02,0.32,0.46,0.69,0.45,0.64,0.54,0.61,0.65,0.23,0.3,0.5,0.45,0.64,0.51,0.35,0.25,0.05,0.02,0,0
学1栋1603室电表,0.12,0.11,0.14,0.09,0.1,0.08,0.08,0.08,0.09,0.07,0.15,0.31,0.19,0.1,0.03,0.17,0.53,0.3,0.45,0.21,0.21,0.58,0.39,0.36,0.07,0.06,0.07,0.03,0.02,0.02,0,0
学1栋1605室电表,0.36,0.32,0.32,0.25,0.27,0.23,0.23,0.21,0.09,0.1,0.15,0.15,0.13,0.42,0.23,0.38,0.34,0.33,0.31,0.41,0.35,0.38,0.41,0.35,0.32,0.3,0.34,0.35,0.13,0.04,0,0
学1栋1606室电表,0.24,0.07,0.02,0.01,0.01,0.01,0.01,0,0.02,0.02,0.21,0.15,0.45,0.32,0.3,0.22,0.34,0.41,0.38,0.14,0.14,0.4,0.26,0.3,0.22,0.13,0.01,0.01,0.03,0,0,0
学1栋1607室电表,0.54,0.12,0.31,0.14,0.04,0.04,0.04,0.06,0.13,0.3,0.55,0.33,0.35,0.37,0.39,0.33,0.26,0.36,0.4,0.6,0.53,0.57,0.68,0.66,0.37,0.26,0.36,0.17,0.02,0.02,0,0
学1栋1608室电表,0.39,0.28,0.29,0.19,0.22,0.18,0.18,0.2,0.11,0.19,0.35,0.49,0.57,0.66,0.55,0.46,0.37,0.35,0.65,0.6,0.65,0.8,0.76,0.59,0.52,0.26,0.12,0.13,0.12,0.11,0,0
学1栋1610室电表,0.23,0.07,0.05,0.04,0.04,0.03,0.03,0.02,0.04,0.16,0.27,0.26,0.26,0.25,0.45,0.44,0.46,0.34,0.23,0.33,0.32,0.33,0.38,0.62,0.54,0.29,0.08,0.04,0.03,0.03,0,0
学1栋1612室电表,0.26,0.19,0.14,0.12,0.18,0.13,0.15,0.13,0.14,0.13,0.14,0.1,0.13,0.46,0.36,0.14,0.17,0.26,0.29,0.48,0.98,0.58,0.78,0.52,0.26,0.26,0.17,0.17,0.13,0.12,0,0
学1栋1615室电表,0.51,0.21,0.09,0.03,0.03,0.02,0.02,0.02,0.05,0.45,0.69,0.23,0.19,0.6,0.62,0.12,0.21,0.86,0.83,0.8,0.27,0.28,0.66,0.75,0.63,0.57,0.34,0.13,0.06,0.07,0,0
学1栋1617室电表,0.19,0.11,0.07,0.06,0.05,0.04,0.04,0.05,0.06,0.14,0.16,0.06,0.01,0.17,0.18,0.09,0.14,0.16,0.45,0.39,0.02,0.08,0.61,0.4,0.12,0.09,0.08,0.05,0.07,0.04,0,0
学1栋1618室电表,0.19,0.02,0.01,0.02,0.05,0.07,0.08,0.07,0.07,0.36,0.64,0.15,0.08,0.38,0.22,0.01,0.24,0.77,0.69,0.38,0.13,0.25,0.59,0.77,0.49,0.03,0.04,0.02,0.02,0.07,0,0
学1栋1619室电表,0.48,0.35,0.08,0.02,0.02,0.02,0.02,0.02,0.04,0.06,0.17,0.04,0.03,0.36,0.28,0.07,0.1,0.1,0.41,0.49,0.21,0.37,0.87,0.72,0.41,0.21,0.09,0.02,0.02,0.02,0,0
学1栋1620室电表,0.65,0.29,0.09,0.06,0.1,0.05,0.03,0.02,0.05,0.07,0.05,0.04,0.02,0.59,0.8,0.24,0.43,0.87,0.8,0.6,0.1,0.2,0.7,0.63,0.37,0.23,0.09,0.05,0.04,0.03,0,0
学1栋1626室电表,0.36,0.24,0.09,0.04,0.06,0.05,0.05,0.04,0.1,0.2,0.2,0.1,0.08,0.26,0.17,0.07,0.09,0.07,0.1,0.27,0.08,0.2,0.68,0.41,0.24,0.2,0.14,0.09,0.1,0.1,0,0
学1栋1629室电表,0.5,0.31,0.08,0.05,0.03,0.05,0.03,0.04,0.07,0.03,0.03,0.02,0.03,0.13,0.05,0.03,0.02,0.03,0.02,0.03,0.03,0.26,1.22,0.8,0.58,0.09,0.05,0.05,0.05,0.05,0,0
学1栋1640室电表,0.26,0.14,0.01,0.03,0.02,0.01,0.02,0.05,0.02,0.01,0.01,0.02,0.01,0.1,0.17,0.04,0.24,0.2,0.32,0.35,0.55,0.48,1.03,0.72,0.37,0.13,0.08,0.06,0.06,0.04,0,0
学1栋1646室电表,0.51,0.31,0.06,0.04,0.04,0.05,0.04,0.04,0.07,0.04,0.05,0.04,0.04,0.13,0.11,0.05,0.23,0,0.1,0.34,0.45,0.49,0.72,0.63,0.33,0.08,0.08,0.05,0.04,0.05,0,0
学2栋2201室电表,0.37,0.03,0.04,0,0.04,0,0.04,0,0.06,0,0.04,0,0.29,0,0.91,0,0.53,0,0.85,0,1.59,0,2.01,0,0.45,0,0.03,0.02,0.02,0.03,0,0
学2栋2206室电表,0.31,0.2,0.13,0,0.1,0.01,0.1,0,0.49,0,0.68,0,0.45,0,0.8,0,1.38,0,1.51,0,1.41,0,1.41,0,0.38,0,0.08,0.07,0.06,0.07,0,0
学2栋2207室电表,0.45,0.18,0.22,0,0.2,0.02,0.2,0,0.24,0,0.35,0.02,0.69,0,1.08,0,0.28,0,0.88,0,1.41,0,1.41,0,0.6,0,0.07,0.07,0.06,0.07,0,0
学2栋2208室电表,0.48,0.15,0.04,0,0.04,0,0.03,0,0.07,0,0.04,0.01,0.37,0,1.13,0,1.67,0,1.34,0,1.16,0,1.46,0,1.09,0,0.38,0.03,0.02,0.02,0,0
学2栋2209室电表,0.35,0.23,0.05,0,0.03,0,0.03,0,0.06,0,0.28,0.02,0.5,0,1.04,0,0.44,0,0.43,0,0.7,0,1.31,0,0.77,0,0.2,0.11,0.11,0.12,0,0
学2栋2210室电表,0.26,0.25,0.14,0,0.03,0,0.05,0,0.12,0,0.22,0.03,0.26,0,0.36,0,0.31,0,0.42,0,0.61,0,0.75,0,0.23,0,0.04,0.02,0.02,0.03,0,0
学2栋2212室电表,0.23,0.1,0.09,0,0.05,0,0.06,0,0.15,0,0.35,0.04,0.45,0,0.62,0,0.87,0.08,0.81,0,0.88,0,1.02,0,0.33,0,0.06,0.04,0.05,0.06,0,0
学2栋2215室电表,0.04,0.03,0.06,0,0.11,0,0.71,0,0.87,0,0.42,0,1.03,0,0.14,0,0.44,0.09,0.54,0,0.14,0,0.93,0,0.06,0,0.04,0.02,0.03,0.04,0,0
学2栋2216室电表,0.57,0.17,0.13,0,0.04,0,0.04,0,0.07,0,0,0,0.19,0,0.68,0,0.62,0.07,0.74,0,0.8,0,1.09,0,0.98,0,0.29,0.13,0.03,0.03,0,0
学2栋2217室电表,0.55,0.04,0.04,0,0.04,0,0.02,0,0.06,0,0.02,0,0.27,0,0.66,0,0.65,0.06,0.68,0,0.84,0,1.05,0,0.39,0,0.12,0.03,0.03,0.01,0,0
学2栋2218室电表,0.53,0.25,0.18,0,0.23,0,0.12,0,0.25,0,0.44,0,0.6,0,0.89,0,0.2,0.02,0.82,0,0.9,0,1.19,0.1,0.69,0,0.05,0.02,0.03,0.04,0,0
学2栋2219室电表,0.59,0.23,0.21,0,0.15,0,0.18,0,0.3,0,0.11,0,0.41,0,0.66,0,0.52,0,0.58,0,0.75,0,0.9,0.11,0.85,0,0.19,0.1,0.1,0.08,0,0
学2栋2220室电表,0.31,0.11,0.13,0,0.14,0,0.14,0,0.11,0,0.1,0,0.37,0,0.49,0,0.51,0,0.91,0,1.13,0,0.88,0.1,0.47,0,0.03,0.04,0.04,0.04,0,0
学2栋2221室电表,0,0.23,0.05,0.02,0,0.01,0,0.03,0,0.02,0,0.01,0,0.73,0,0.62,0,0.38,0,0.45,0,0.78,0,0.73,0,0.31,0,0.01,0.02,0.01,0,0
学2栋2222室电表,0,0.2,0.06,0.04,0,0.03,0,0.1,0,0.02,0,0.01,0,0.76,0,0.84,0,1.03,0,1.1,0,1.01,0,1.01,0,0.21,0,0.04,0.01,0.05,0,0
学2栋2223室电表,0,0.19,0.03,0.06,0,0.05,0,0.08,0,0.05,0,0.21,0,0.58,0,0.52,0,1.14,0,0.98,0,1.11,0,0.99,0,0.35,0,0.14,0.1,0.07,0,0
学2栋2229室电表,0.04,0.18,0.1,0.03,0.03,0.04,0,0.03,0.05,0.53,0,0.24,0.29,0.54,0,0.14,0.05,0.08,0,0.37,0.51,0.89,0,0.6,0.37,0.26,0,0.08,0.07,0.06,0,0
学2栋2230室电表,0.05,0.13,0.07,0.03,0.02,0.04,0,0.02,0.03,0.04,0,0.02,0.02,1.08,0,0.24,0.25,1.39,0,0.75,0.77,1.35,0,0.28,0.36,0.15,0,0.03,0.02,0.02,0,0
学2栋2232室电表,0.05,0.23,0.19,0.26,0,0.15,0,0.12,0,0.48,0,0.53,0,0.15,0,0.03,0,0.14,0,0.91,0,1.1,0,0.69,0,0.53,0,0.14,0.12,0.14,0,0
学2栋2236室电表,0.01,0.07,0.08,0.04,0.05,0.14,0,0.06,0.15,0.34,0,0.18,0.21,0.3,0,0.1,0.24,0.26,0,0.49,0.19,0.54,0,0.24,0.17,0.11,0,0.07,0.05,0.03,0,0
学2栋2238室电表,0,0.02,0.01,0.02,0,0.01,0.01,0.03,0,1.01,0,0.88,0,0.58,0,0.3,0,0.35,0,0.97,0,0.96,0,0.47,0,0.03,0,0.01,0.01,0.01,0,0
学2栋2301室电表,0.58,0.11,0.04,0.05,0.04,0.04,0.05,0.04,0.1,0.04,0.04,0.07,0.17,0.15,0.08,0.08,0.1,0.16,0.23,0.18,0.42,0.31,0.36,0.39,0.21,0.4,0.07,0.04,0.04,0.03,0,0
学2栋2305室电表,0.21,0.21,0.13,0.04,0.03,0.03,0.02,0.04,0.04,0.03,0.03,0.08,0.19,0.21,0.22,0.06,0.08,0.11,0.14,0.24,0.22,0.37,0.63,0.53,0.61,0.53,0.51,0.39,0.31,0.3,0,0
学2栋2306室电表,0.21,0.09,0.02,0.01,0.01,0.02,0.01,0.01,0.05,0.03,0.01,0.01,0.01,0.34,0.38,0.48,0.41,0.31,0.3,0.34,0.35,0.35,0.33,0.36,0.26,0.19,0.18,0.15,0.13,0.14,0,0
学2栋2307室电表,0.47,0.24,0.11,0.12,0.15,0.19,0.16,0.22,0.19,0.21,0.21,0.34,0.49,0.41,0.28,0.17,0.22,0.35,0.67,0.35,0.63,0.76,1.09,0.79,0.33,0.33,0.14,0.15,0.16,0.21,0,0
学2栋2309室电表,0.36,0.1,0.07,0.07,0.08,0.08,0.07,0.07,0.06,0.02,0.01,0.01,0.01,0.37,0.42,0.42,0.34,0.39,0.5,0.51,0.35,0.41,0.62,0.51,0.52,0.29,0.14,0.04,0.03,0.03,0,0
学2栋2312室电表,0.48,0.11,0.06,0.07,0.06,0.06,0.07,0.08,0.08,0.07,0.06,0.06,0.27,0.62,0.3,0.22,0.2,0.31,0.47,0.41,0.39,0.48,0.49,0.49,0.21,0.1,0.1,0.08,0.07,0.07,0,0
学2栋2313室电表,0.43,0.13,0.13,0.14,0.12,0.1,0.06,0.08,0.11,0.15,0.01,0.37,0.37,0.48,0.32,0.13,0.05,0.61,0.8,0.31,0.73,0.96,1.23,0.75,0.5,0.16,0.11,0.09,0.07,0.08,0,0
学2栋2315室电表,0.4,0.11,0.03,0.02,0.01,0.01,0.01,0.01,0.03,0.01,0.01,0.26,0.32,0.46,0.34,0.2,0.17,0.42,0.68,0.4,0.47,0.55,0.67,0.66,0.61,0.17,0.07,0.01,0.01,0.02,0,0
学2栋2316室电表,0.13,0.11,0.05,0.02,0.02,0.04,0.02,0.03,0.04,0.02,0.02,0.15,0.13,0.15,0.29,0.12,0.19,0.44,0.45,0.33,0.59,0.61,0.55,0.31,0.18,0.13,0.05,0.02,0.01,0.02,0,0
学2栋2317室电表,0.31,0.14,0.04,0.03,0.03,0.04,0.03,0.05,0.03,0,0,0.14,0.22,0.45,0.45,0.45,0.44,0.59,0.53,0.41,0.82,0.66,0.66,0.38,0.36,0.11,0.04,0.04,0.04,0.05,0,0
学2栋2318室电表,0.16,0.02,0.02,0.01,0.01,0.01,0.01,0.11,0.04,0.31,0.34,0.24,0.17,0.15,0.18,0.07,0.04,0.05,0.22,0.56,0.66,0.83,0.87,0.59,0.22,0.05,0.05,0.02,0.01,0.01,0,0
学2栋2319室电表,0.4,0.24,0.06,0.03,0.02,0.02,0.02,0.01,0.02,0.02,0.02,0.01,0.02,0.23,0.15,0.1,0.39,0.2,0.21,0.33,0.34,0.37,0.53,0.59,0.47,0.09,0.06,0.02,0.03,0.02,0,0
学2栋2321室电表,0.1,0.04,0.01,0.01,0.02,0.01,0.01,0.01,0.03,0.05,0.31,0.09,0.1,0.16,0.18,0.15,0.28,0.36,0.47,0.64,0.53,0.48,0.48,0.42,0.08,0.07,0.07,0.07,0.07,0.06,0,0
学2栋2323室电表,0.67,0.14,0.05,0.02,0.03,0.06,0.07,0.07,0.07,0.07,0.07,0.4,0.47,0.34,0.17,0.09,0.09,0.1,0.11,0.27,0.39,1.01,1.14,0.83,0.37,0.2,0.05,0.04,0.38,0.28,0,0
学2栋2325室电表,0.62,0.4,0.12,0.06,0.01,0.03,0.01,0.02,0.03,0.13,0.16,0.14,0.13,0.35,0.22,0.1,0.34,0.2,0.21,0.47,0.36,0.38,0.45,0.55,0.35,0.37,0.28,0.47,0.11,0.02,0,0
学2栋2326室电表,0.49,0.33,0.08,0.06,0.06,0.05,0.06,0.09,0.06,0.1,0.13,0.22,0.14,0.76,0.46,0.09,0.1,0.09,0.1,0.44,0.54,0.5,0.56,0.52,0.68,0.4,0.11,0.08,0.08,0.07,0,0
学2栋2327室电表,0.46,0.33,0.02,0.02,0.01,0.01,0.02,0.01,0.02,0.1,0.05,0.02,0.05,0.44,0.51,0.37,0.36,0.36,0.37,0.42,0.34,0.32,0.47,0.61,0.54,0.31,0.05,0.03,0.03,0.01,0,0
学2栋2330室电表,0.47,0.24,0.11,0.07,0.12,0.09,0.01,0.02,0.02,0.29,0.46,0.12,0.08,0.32,0.32,0.4,0.24,0.07,0.13,0.73,0.78,0.58,0.35,0.6,0.58,0.33,0.14,0.07,0.05,0.02,0,0
学2栋2332室电表,0.48,0.26,0.06,0.04,0.04,0.04,0.03,0.04,0.03,0.28,0.41,0.23,0.16,0.6,0.5,0.17,0.12,0.09,0.13,0.86,0.68,0.56,0.55,0.57,0.59,0.23,0.12,0.12,0.11,0.1,0,0
学2栋2336室电表,0.05,0.09,0.18,0.14,0.16,0.17,0.19,0.07,0.03,0.05,0.02,0.02,0.01,0.04,0.07,0.39,0.35,0.29,0.26,0.35,0.29,0.41,0.3,0.07,0.1,0.07,0.05,0.03,0.02,0.02,0,0
学2栋2340室电表,0.34,0.12,0.05,0.04,0.01,0.02,0.01,0.01,0.02,0.01,0,0.06,0.18,0.32,0.4,0.28,0.19,0.31,0.34,0.35,0.36,0.46,0.43,0.53,0.42,0.15,0.05,0.02,0.03,0.01,0,0
学2栋2342室电表,0.47,0.37,0.32,0.12,0.12,0.11,0.11,0.13,0.06,0.04,0.03,0.05,0.03,0.16,0.37,0.66,0.66,0.61,0.64,0.75,0.58,0.53,0.43,0.4,0.33,0.2,0.08,0.05,0.03,0.04,0,0
学2栋2403室电表,0.74,0,0.12,0.12,0.02,0.02,0.025,0.025,0.135,0.135,0.42,0.42,0.49,0.49,0.34,0.34,0.59,0.59,0.915,0.915,0.755,0.755,1.21,1.21,0.4,0.4,0.125,0.125,0.06,0.06,15,0
学2栋2405室电表,0.39,0,0.075,0.075,0.075,0.075,0.08,0.08,0.105,0.105,0.275,0.275,0.31,0.31,0.185,0.185,0.365,0.365,0.485,0.485,0.465,0.465,0.43,0.43,0.325,0.325,0.04,0.04,0.01,0.01,15,0
学2栋2407室电表,0.17,0.12,0.09,0.07,0.08,0.1,0.06,0.08,0.06,0.13,0.13,0.19,0.24,0.55,0.21,0.09,0.06,0.07,0.16,0.36,0.68,0.53,0.48,0.44,0.35,0.31,0.11,0.08,0.07,0.1,0,0
学2栋2408室电表,0.39,0.36,0.26,0.13,0.09,0.09,0.07,0.07,0.08,0.15,0.18,0.19,0.13,0.23,0.13,0.11,0.11,0.2,0.19,0.36,0.35,0.42,0.31,0.6,0.39,0.24,0.15,0.15,0.16,0.17,0,0
学2栋2409室电表,0.25,0,0.045,0.045,0.045,0.045,0.055,0.055,0.06,0.06,0.04,0.04,0.2,0.2,0.23,0.23,0.215,0.215,0.205,0.205,0.39,0.39,0.375,0.375,0.09,0.09,0.05,0.05,0.07,0.07,15,0
学2栋2410室电表,1.03,0,0.205,0.205,0.17,0.17,0.17,0.17,0.205,0.205,0.33,0.33,0.26,0.26,0.195,0.195,0.335,0.335,0.35,0.35,0.405,0.405,0.55,0.55,0.465,0.465,0.23,0.23,0.135,0.135,15,0
学2栋2412室电表,0.19,0,0.055,0.055,0.045,0.045,0.005,0.005,0.065,0.065,0.055,0.055,0.215,0.215,0.155,0.155,0.115,0.115,0.205,0.205,0.415,0.415,0.46,0.46,0.145,0.145,0.075,0.075,0.02,0.02,15,0
学2栋2413室电表,0.43,0,0.05,0.05,0.035,0.035,0.04,0.04,0.04,0.04,0.035,0.035,0.215,0.215,0.4,0.4,0.105,0.105,0.155,0.155,0.45,0.45,0.535,0.535,0.14,0.14,0.055,0.055,0.04,0.04,15,0
学2栋2416室电表,0.59,0,0.045,0.045,0.015,0.015,0.02,0.02,0.105,0.105,0.265,0.265,0.535,0.535,0.1,0.1,0.02,0.02,0.285,0.285,0.495,0.495,0.455,0.455,0.145,0.145,0.015,0.015,0.01,0.01,15,0
学2栋2417室电表,0.75,0,0.055,0.055,0.05,0.05,0.05,0.05,0.11,0.11,0.255,0.255,0.285,0.285,0.16,0.16,0.135,0.135,0.505,0.505,0.485,0.485,0.565,0.565,0.2,0.2,0.09,0.09,0.25,0.25,15,0
学2栋2418室电表,1.01,0,0.035,0.035,0.015,0.015,0.01,0.01,0.12,0.12,0.305,0.305,0.19,0.19,0.155,0.155,0.06,0.06,0.515,0.515,0.915,0.915,0.85,0.85,0.425,0.425,0.16,0.16,0.055,0.055,15,0
学2栋2421室电表,0.67,0,0.035,0.035,0.01,0.01,0.01,0.01,0.015,0.015,0.02,0.02,0.07,0.07,0.05,0.05,0.01,0.01,0.56,0.56,0.75,0.75,0.65,0.65,0.735,0.735,0.595,0.595,0.12,0.12,15,0
学2栋2422室电表,1.48,0,0.405,0.405,0.375,0.375,0.4,0.4,0.355,0.355,0.255,0.255,0.52,0.52,0.52,0.52,0.575,0.575,0.975,0.975,0.835,0.835,0.925,0.925,0.635,0.635,0.09,0.09,0.045,0.045,15,0
学2栋2423室电表,0.58,0,0.025,0.025,0.02,0.02,0.02,0.02,0.015,0.015,0,0,0.15,0.15,0.385,0.385,0.39,0.39,0.48,0.48,0.575,0.575,0.635,0.635,0.245,0.245,0.05,0.05,0.02,0.02,15,0
学2栋2425室电表,,0.02,0.02,0.015,0.015,0.02,0.02,0.02,0.02,0.025,0.025,0.015,0.015,0.36,0.36,0.47,0.47,0.365,0.365,0.33,0.33,0.625,0.625,0.505,0.505,0.045,0.045,0.04,0.04,0,15,0
学2栋2428室电表,,0.205,0.205,0.12,0.12,0.115,0.115,0.09,0.09,0.035,0.035,0.04,0.04,0.475,0.475,0.28,0.28,0.295,0.295,0.46,0.46,0.77,0.77,0.495,0.495,0.065,0.065,0.05,0.05,0,15,0
学2栋2430室电表,,0.435,0.435,0.36,0.36,0.28,0.28,0.225,0.225,0.04,0.04,0.06,0.06,0.285,0.285,0.11,0.11,0.16,0.16,0.27,0.27,0.67,0.67,0.85,0.85,0.47,0.47,0.415,0.415,0,15,0
学2栋2432室电表,,0.045,0.045,0.005,0.005,0.01,0.01,0.025,0.025,0.16,0.16,0.105,0.105,0.255,0.255,0.005,0.005,0.045,0.045,0.505,0.505,0.46,0.46,0.37,0.37,0.045,0.045,0.005,0.005,0,15,0
学2栋2436室电表,,0.13,0.13,0.08,0.08,0.07,0.07,0.075,0.075,0.095,0.095,0.075,0.075,0.09,0.09,0.02,0.02,0.055,0.055,0.25,0.25,0.48,0.48,0.5,0.5,0.405,0.405,0.405,0.405,0,15,0
学2栋2438室电表,,0.105,0.105,0.075,0.075,0.08,0.08,0.075,0.075,0.14,0.14,0.065,0.065,0.095,0.095,0.045,0.045,0.09,0.09,0.355,0.355,0.315,0.315,0.645,0.645,0.08,0.08,0.065,0.065,0,15,0
学2栋2440室电表,,0.215,0.215,0.025,0.025,0.02,0.02,0.015,0.015,0.13,0.13,0.015,0.015,0.075,0.075,0.145,0.145,0.3,0.3,0.45,0.45,0.515,0.515,0.46,0.46,0.32,0.32,0.035,0.035,0,15,0
学2栋2442室电表,,0.075,0.075,0.02,0.02,0.02,0.02,0.03,0.03,0.09,0.09,0.025,0.025,0.03,0.03,0.13,0.13,0.22,0.22,0.415,0.415,0.44,0.44,0.425,0.425,0.13,0.13,0.055,0.055,0,15,0
学2栋2505室电表,0.33,0.33,0.23,0.27,0.05,0.07,0.04,0.05,0.05,0.01,0,0,0,0.23,0.25,0.18,0.15,0.22,0.26,0.32,0.41,0.32,0.51,0.54,0.58,0,0.52,0.43,0.42,0.39,0,0
学2栋2506室电表,0.43,0.19,0.2,0.17,0.02,0.02,0.01,0.43,0.05,0.01,0.01,0.02,0.01,0.5,0.33,0.19,0.31,0.13,0.13,0.17,0.33,0.74,0.71,0.49,1.16,0,0.24,0.05,0.02,0.02,0,0
学2栋2507室电表,0.14,0.06,0.07,0.09,0.1,0.07,0.05,0.05,0.06,0.04,0.04,0.04,0.07,0.33,0.33,0.34,0.33,0.28,0.07,0.08,0.13,0.1,0.09,0.08,0.33,0,0.09,0.5,0.59,0.6,0,0
学2栋2508室电表,0.38,0.43,0.3,0.4,0.37,0.38,0.37,0.35,0.38,0.18,0.16,0.14,0.14,0.34,0.52,0.3,0.23,0.24,0.51,0.4,0.59,0.53,0.77,0.85,1.22,0,0.79,0.5,0.39,0.34,0,0
学2栋2509室电表,0.47,0.27,0.16,0.16,0.15,0.14,0.14,0.13,0.1,0.06,0.06,0.05,0.06,0.46,0.38,0.43,0.22,0.14,0.16,0.29,0.89,0.81,0.74,0.71,0.94,0,0.19,0.06,0.07,0.04,0,0
学2栋2511室电表,0.26,0.07,0.01,0.01,0.01,0.01,0.01,0.01,0.03,0,0.01,0.01,0,0.48,0.52,0.49,0.38,0.17,0.06,0.06,0.24,0.56,0.43,0.59,0.59,0,0.28,0.35,0.29,0.25,0,0
学2栋2512室电表,0.08,0.08,0.09,0.08,0.06,0.04,0.05,0.06,0.03,0.01,0.01,0.01,0.01,0.22,0.26,0.19,0.18,0.19,0.53,0.44,0.3,0.28,0.4,0.24,0.23,0,0.07,0.07,0.05,0.05,0,0
学2栋2513室电表,0.32,0.05,0.03,0.02,0.03,0.02,0.02,0.02,0.02,0.02,0.02,0.02,0.01,0.15,0.22,0.02,0.02,0.1,0.47,0.45,0.68,1.06,1.08,1.06,1.4,0,0.6,0.48,0.46,0.48,0,0
学2栋2517室电表,0.53,0.24,0.15,0.03,0.03,0.05,0.02,0.01,0.04,0.04,0.03,0.3,0.69,0.57,0.31,0.07,0.11,0.1,0.13,0.83,1.03,1.15,0.78,0.61,0.58,0,0.16,0.05,0.04,0.04,0,0
学2栋2518室电表,0.76,0.34,0.13,0.13,0.12,0.12,0.12,0.11,0.14,0.14,0.12,0.21,0.35,0.84,0.75,0.85,0.67,0.73,0.75,0.79,1.09,1.27,1.38,1.16,1.65,0,0.26,0.11,0.1,0.1,0,0
学2栋2519室电表,0.07,0.09,0.1,0.14,0.1,0.1,0.08,0.07,0.06,0.09,0.26,0.3,0.04,0.11,0.25,0.14,0.11,0.15,0.67,0.39,0.24,0.39,0.41,0.26,0.23,0,0.06,0.07,0.05,0.05,0,0
学2栋2520室电表,0.35,0.12,0.04,0.05,0.04,0.04,0.03,0.04,0.05,0.03,0.02,0.56,1.02,0.52,0.47,0.08,0.07,0.29,0.71,0.7,0.81,1.14,0.9,0.9,1.29,0,0.35,0.17,0.06,0.06,0,0
学2栋2522室电表,0.72,0.48,0.06,0.06,0.06,0.06,0.05,0.06,0.08,0.03,0.04,0.47,0.43,0.16,0.1,0.09,0.04,0.22,0.58,0.73,0.8,0.77,0.54,0.55,0.53,0,0.03,0.03,0.02,0.03,0,0
学2栋2525室电表,0.13,0.07,0.07,0.05,0.05,0.04,0.05,0.04,0.03,0.08,0.19,0.18,0.06,0.12,0.15,0.16,0.12,0.15,0.19,0.33,0.32,0.41,0.35,0.31,0.25,0.34,0,0.19,0.03,0.02,0,0
学2栋2526室电表,0.86,0.71,0.52,0.57,0.51,0.49,0.48,0.48,0.54,0.56,0.46,0.44,0.43,0.65,0.75,0.57,0.48,0.51,0.83,0.68,0.59,0.86,1.03,0.84,0.77,1.39,0,0.89,0.74,0.63,0,0
学2栋2527室电表,0.21,0.16,0.08,0.06,0.12,0.13,0.15,0.15,0.16,0.1,0.07,0.19,0.3,0.26,0.27,0.2,0.09,0.07,0.08,0.14,0.36,0.36,0.3,0.09,0.1,0.15,0,0.06,0.03,0.05,0,0
学2栋2529室电表,0.1,0.13,0.13,0.11,0.12,0.1,0.1,0.1,0.12,0.13,0.07,0.28,0.33,0.37,0.28,0.13,0.09,0.36,0.28,0.61,0.35,0.41,0.44,0.61,0.11,0.19,0,0.07,0.09,0.08,0,0
学2栋2532室电表,0.34,0.13,0.11,0.11,0.12,0.09,0.1,0.31,0.12,0.25,0.15,0.27,0.46,0.32,0.3,0.29,0.23,0.21,0.41,0.31,0.22,0.58,0.32,0.54,0.29,0.31,0,0.11,0.05,0.07,0,0
学2栋2538室电表,0.18,0.13,0.13,0.12,0.14,0.12,0.11,0.12,0.18,0.22,0.14,0.21,0.3,0.47,0.25,0.22,0.06,0.02,0.01,0.1,0.51,0.71,0.77,0.34,0.18,0.22,0,0.08,0.06,0.07,0,0
学2栋2542室电表,0.46,0.27,0.1,0.06,0.05,0.05,0.05,0.05,0.06,0.06,0.05,0.38,0.46,0.6,0.49,0.21,0.05,0.24,0.2,0.2,0.25,0.41,0.31,0.61,0.73,0.61,0,0.06,0.05,0.04,0,0
学3栋3105室电表,0.25,0.13,0.07,0.02,0.02,0.04,0.03,0.03,0.14,0.08,0.03,0.02,0.02,0.24,0.31,0.21,0.14,0.16,0.23,0.14,0.02,0.17,0.43,0.38,0.33,0.32,0.17,0.13,0.04,0.02,0,0
学3栋3110室电表,0.02,0.01,0,0.04,0.05,0.04,0.04,0.03,0.03,0.01,0.01,0.03,0.1,0.31,0.32,0.34,0.16,0.04,0.34,0.36,0.6,0.39,0.36,0.36,0.24,0.03,0.02,0.01,0,0.01,0,0
学3栋3113室电表,0.29,0.1,0.04,0.2,0.03,0.03,0.03,0.04,0.13,0.09,0.03,0.27,0.41,0.42,0.44,0.47,0.48,0.39,0.3,0.21,0.37,0.32,0.29,0.49,0.39,0.23,0.17,0.07,0.05,0.04,0,0
学3栋3123室电表,0.43,0.43,0.03,0.02,0.01,0.01,0.01,0.02,0.05,0.01,0.01,0.01,0,0.32,0.41,0.04,0.03,0.03,0.53,0.3,0.07,0.33,0.32,0.49,0.45,0.39,0.18,0.05,0.05,0.04,0,0
学3栋3201室电表,0.19,0.07,0.06,0.06,0.06,0.06,0.06,0.06,0.1,0.08,0.05,0.07,0.05,0.27,0.34,0.25,0.15,0.07,0.14,0.14,0.08,0.17,0.46,0.4,0.34,0.15,0.05,0.04,0.04,0.04,0,0
学3栋3207室电表,0.61,0.18,0.01,0.03,0.02,0.01,0.01,0.03,0.01,0.02,0,0.02,0.34,0.58,0.51,0.6,0.52,0.68,0.77,0.74,0.71,0.68,0.56,0.53,0.27,0.02,0.03,0.01,0.01,0.02,0,0
学3栋3208室电表,0.21,0.15,0.14,0.16,0.14,0.14,0.13,0.14,0.15,0.16,0.14,0.13,0.18,0.66,0.72,0.29,0.24,0.27,0.24,0.29,0.2,0.3,0.55,0.47,0.81,0.75,0.69,0.52,0.41,0.39,0,0
学3栋3211室电表,0.35,0.25,0.06,0.04,0.04,0.02,0.02,0.03,0.04,0.02,0.03,0.16,0.17,0.15,0.19,0.14,0.12,0.11,0.13,0.24,0.44,0.57,0.44,0.63,0.76,0.42,0.25,0.28,0.24,0.17,0,0
学3栋3212室电表,0.28,0.19,0.02,0.01,0.01,0.01,0.02,0.01,0.01,0.05,0.09,0.01,0.01,0.23,0.36,0.09,0.09,0.58,0.51,0.48,0.7,0.81,0.67,0.71,0.52,0.05,0.02,0.02,0.01,0.02,0,0
学3栋3216室电表,0.11,0.04,0.08,0.11,0.09,0.1,0.09,0.09,0.07,0.03,0.01,0,0.02,0.23,0.3,0.01,0.04,0.01,0.11,0.63,0.47,0.55,0.48,0.56,0.53,0.56,0.5,0.46,0.25,0.17,0,0
学3栋3220室电表,0.43,0.32,0.05,0.03,0.02,0.01,0.01,0.01,0.02,0.01,0,0.3,0.12,0.02,0.02,0.01,0,0.01,0.11,0.36,0.46,0.52,0.44,0.43,0.42,0.4,0.07,0.03,0.01,0.01,0,0
学3栋3225室电表,0.63,0.2,0.02,0.03,0.01,0.02,0.01,0.01,0.02,0.01,0.02,0.01,0.01,0.05,0.06,0.01,0.03,0.04,0.19,0.5,0.56,0.77,0.89,0.88,0.75,0.59,0.52,0.13,0.02,0.02,0,0
学3栋3230室电表,0.33,0.11,0.02,0.01,0.01,0,0.01,0.01,0.03,0.14,0.04,0.23,0.26,0.19,0.17,0.18,0.15,0.16,0.26,0.36,0.2,0.23,0.26,0.22,0.22,0.11,0.08,0.08,0.04,0.04,0,0
学3栋3231室电表,0.35,0.25,0.17,0,0.02,0.01,0,0.01,0.01,0.04,0.01,0,0.01,0.07,0.37,0.48,0.31,0.23,0.1,0.42,0.54,0.82,0.38,0.54,0.53,0.23,0.02,0.03,0.03,0.02,0,0
学3栋3237室电表,0.53,0.26,0.01,0.01,0.02,0.03,0.01,0.01,0.03,0.11,0.23,0.15,0.14,0.38,0.42,0.4,0.45,0.21,0.34,0.61,0.53,0.77,0.66,0.69,0.51,0.14,0.01,0.02,0.01,0,0,0
学3栋3238室电表,0.57,0.29,0.29,0.07,0.08,0.02,0.02,0.03,0.02,0.1,0.12,0.08,0.04,0.08,0.07,0.05,0.08,0.05,0.09,0.18,0.34,0.42,0.32,0.3,0.29,0.13,0.11,0.27,0.08,0.03,0,0
学3栋3239室电表,1.14,1.15,1.3,0.83,0.03,0.02,0.02,0.02,0.02,0.02,0.03,0.01,0.01,0.01,0.02,0.17,0.69,0.54,0.72,0.89,0.91,0.99,1.2,1.13,0.24,0.03,0.02,0.03,0.02,0.02,0,0
学3栋3240室电表,0.39,0.3,0.21,0.02,0.03,0.02,0.01,0.01,0.02,0.03,0.02,0,0.01,0.01,0.04,0.12,0.31,0.07,0.11,0.42,0.52,0.68,0.53,0.35,0.3,0.29,0.23,0.06,0.02,0.01,0,0
学3栋3242室电表,0.2,0.16,0.05,0.02,0.04,0.03,0.02,0.01,0.03,0.1,0.05,0.02,0.01,0.05,0.21,0.11,0.05,0.1,0.14,0.03,0.05,0.18,0.67,1.98,1.81,0.16,0.04,0.02,0.01,0,0,0
学3栋3246室电表,0.46,0.43,0.18,0.06,0.08,0.06,0.07,0.06,0.08,0.2,0.37,0.08,0.1,0.21,0.25,0.04,0.08,0.42,0.34,0.08,0.09,0.38,0.57,0.41,0.3,0.15,0.1,0.1,0.06,0.05,0,0
学3栋3302室电表,0.27,1.9,0.03,0.03,0.01,0.03,0.37,0.04,0.52,0.54,0.03,0.02,0.02,0.36,0.05,0.04,0.02,0.02,0.03,0.36,0.04,0.02,0.01,0.04,1.37,0.99,0.47,0,0.03,0.03,0,0
学3栋3329室电表,0.53,0.51,0.11,0.07,0.02,0,0.01,0.01,0.07,0.02,0.01,0,0.01,0.12,0.08,0,0,0.01,0.06,0.28,0.28,0.52,0.34,0.48,0.31,0.18,0.04,0.03,0,0.01,0,0
学3栋3331室电表,0.58,0.11,0.02,0.03,0.01,0.02,0.01,0.01,0.01,0.01,0.03,0.04,0.01,0.12,0.2,0.1,0.13,0.37,0.41,0.44,0.44,0.51,0.44,0.64,0.76,0.78,0.28,0.04,0.02,0.01,0,0
学3栋3335室电表,0.85,0.18,0.02,0.02,0.01,0.02,0.01,0.01,0.03,0.16,0.18,0.17,0.17,0.18,0.14,0.02,0.06,0.91,0.62,0.18,0.29,0.81,0.81,0.78,0.38,0.05,0.02,0.02,0.01,0.01,0,0
学3栋3337室电表,0.7,0.72,0.36,0.02,0.03,0.02,0.03,0.02,0.03,0.37,0.62,0.55,0.46,0.45,0.39,0.22,0.22,0.82,0.77,0.3,0.34,0.89,1,0.8,0.15,0.04,0.03,0.05,0.04,0.03,0,0
学3栋3339室电表,0.45,0.29,0.08,0.08,0.07,0.04,0.04,0.05,0.17,0.12,0.1,0.11,0.12,0.33,0.38,0.3,0.25,0.32,0.33,0.32,0.2,0.34,0.51,0.52,0.37,0.19,0.05,0.05,0.04,0.05,0,0
学3栋3346室电表,0.82,0.45,0.07,0.01,0.02,0.02,0.01,0.03,0.09,0.01,0.01,0.47,0.65,0.19,0.22,0.09,0.19,0.82,0.77,0.62,0.37,0.9,0.92,0.86,0.54,0.44,0.03,0.01,0.01,0.01,0,0
学3栋3421室电表,0.34,0.19,0.03,0.04,0.04,0.03,0.04,0.05,0.09,0.08,0.06,0.04,0.02,0.2,0.23,0.05,0.08,0.26,0.29,0.28,0.3,0.26,0.42,0.36,0.39,0.09,0.05,0.03,0.05,0.04,0,0
学3栋3425室电表,0.28,0.13,0.01,0.01,0.01,0.01,0.01,0.02,0.09,0.05,0.02,0.02,0.02,0.15,0.19,0.16,0.17,0.39,0.58,0.66,0.64,0.6,0.57,0.56,0.13,0.01,0.01,0.01,0.01,0,0,0
学3栋3431室电表,0.21,0.04,0.01,0.03,0.01,0.01,0.01,0,0.12,0.18,0.17,0.16,0.18,0.16,0.26,0.11,0.13,0.39,0.4,0.41,0.32,0.43,0.36,0.44,0.19,0.08,0.01,0.02,0.01,0.02,0,0
学3栋3432室电表,0.28,0.26,0.25,0.25,0.02,0.01,0.01,0.03,0.07,0.02,0.01,0,0,0.04,0.08,0.03,0.18,0.32,0.3,0.28,0.38,0.47,0.37,0.27,0.24,0.24,0.17,0,0.01,0.01,0,0
学3栋3433室电表,0.3,0.27,0.15,0.05,0.06,0.04,0.04,0.05,0.06,0.08,0.07,0.06,0.07,0.23,0.27,0.08,0.13,0.31,0.31,0.35,0.35,0.35,0.32,0.22,0.09,0.06,0.06,0.05,0.04,0.04,0,0
学3栋3440室电表,0.51,0.37,0.21,0.15,0.01,0.01,0.01,0.02,0.01,0.03,0.03,0.01,0.05,0.45,0.81,0.93,0.91,0.65,0.6,0.7,0.59,0.56,0.75,0.99,0.65,0.6,0.09,0.05,0.04,0.04,0,0
学3栋3442室电表,0.42,0.14,0.05,0.04,0.04,0.05,0.04,0.04,0.06,0.04,0.04,0.04,0.05,0.34,0.26,0.04,0.05,0.35,0.45,0.3,0.32,0.31,0.47,0.26,0.29,0.07,0.04,0.05,0.05,0.04,0,0
学3栋3448室电表,0.05,0.02,0.02,0.02,0.02,0.01,0.02,0.02,0.07,0.06,0.05,0.06,0.05,0.18,0.15,0.09,0.09,0.48,0.58,0.61,0.24,0.42,0.34,0.37,0.42,0.15,0.08,0.08,0.07,0.06,0,0
学3栋3506室电表,0.36,0.19,0.18,0.23,0.21,0.2,0.21,0.17,0.02,0.01,0,0.01,0.24,0.29,0.09,0.01,0,0,0.01,0.21,0.17,0.39,0.66,0.66,0.62,0.54,0.64,0.18,0,0.01,0,0
学3栋3509室电表,0.5,0.2,0.35,0.43,0.07,0.06,0.06,0.07,0.2,0.08,0.06,0.36,0.18,0.12,0.12,0.09,0.09,0.08,0.38,0.34,0.11,0.11,0.33,0.19,0.13,0.15,0.48,0.39,0.38,0.38,0,0
学3栋3512室电表,0.64,0.07,0.03,0.03,0.02,0.03,0.02,0.03,0.25,0.04,0.03,0.07,0.1,0.15,0.23,0.06,0.06,0.07,0.07,0.15,0.37,0.43,0.55,0.36,0.32,0.09,0.03,0.02,0.03,0.03,0,0
学3栋3513室电表,0.41,0.6,0.15,0.06,0.01,0.01,0.01,0.02,0.16,0.02,0,0.01,0,0.11,0.28,0.36,0.04,0.04,0.04,0.25,0.39,0.38,0.34,0.45,0.45,0.29,0.08,0.04,0.01,0.01,0,0
学3栋3517室电表,0.11,0.06,0.02,0.04,0.02,0.01,0.02,0.03,0.06,0.01,0.01,0.04,0.04,0.26,0.58,0.58,0.4,0.3,0.32,0.14,0.1,0.12,0.54,0.55,0.37,0.3,0.02,0.01,0.02,0.02,0,0
学3栋3519室电表,0.03,0.02,0.13,0.03,0.02,0.01,0.01,0.06,0.05,0.06,0.04,0.04,0.04,0.19,0.31,0.41,0.31,0.27,0.25,0.28,0.33,0.6,0.55,0.52,0.17,0.04,0.02,0.04,0.01,0.01,0,0
学3栋3520室电表,0.15,0.07,0.06,0.05,0.04,0.04,0.04,0.03,0.05,0.01,0,0.01,0,0.24,0.36,0.28,0.24,0.37,0.31,0.3,0.17,0.24,0.65,0.45,0.15,0.04,0.06,0.04,0.04,0.04,0,0
学3栋3522室电表,0.44,0.33,0.15,0.13,0.11,0.11,0.11,0.11,0.18,0.06,0.01,0,0.01,0.13,0.57,0.52,0.14,0.15,0.19,0.58,0.35,0.52,0.74,0.53,0.29,0.3,0.06,0.01,0.01,0.02,0,0
学3栋3526室电表,0.42,0.22,0.1,0.12,0.09,0.1,0.09,0.11,0.13,0.08,0.05,0.06,0.05,0.26,0.24,0.26,0.29,0.39,0.28,0.26,0.27,0.39,0.56,0.48,0.35,0.25,0.13,0.13,0.12,0.11,0,0
学3栋3527室电表,0.37,0.28,0.08,0.09,0.05,0.06,0.05,0.06,0.07,0.02,0,0.21,0.34,0.3,0.31,0.48,0.34,0.34,0.24,0.15,0.12,0.14,0.31,0.38,0.43,0.37,0.16,0.11,0.08,0.07,0,0
学3栋3532室电表,0.82,0.23,0.01,0.03,0.01,0.02,0.01,0.01,0.07,0.19,0.12,0.64,0.94,0.79,0.74,0.79,0.52,0.64,0.52,0.16,0.29,0.41,0.91,0.95,0.68,0.21,0.03,0.03,0.02,0.01,0,0
学3栋3535室电表,0.6,0.44,0.29,0.11,0.01,0.02,0.01,0.02,0.07,0.03,0.02,0.03,0.02,0.35,0.04,0.1,0.15,0.01,0.29,0.6,0.44,0.51,0.37,0.43,0.59,0.33,0.67,0.79,0.58,0.22,0,0
学3栋3537室电表,0.25,0.05,0.01,0.02,0.01,0.01,0.02,0.01,0.02,0.01,0,0.01,0.01,0.74,0.49,0.36,0.11,0.01,0.01,0.64,0.41,0.51,0.5,0.45,0.31,0.36,0.35,0.57,0.02,0.01,0,0
学3栋3539室电表,0.16,0.02,0.02,0.02,0.02,0.02,0.01,0.01,0.02,0.02,0.01,0.05,0.04,0.2,0.24,0.54,0.35,0.12,0.13,0.83,0.4,0.61,0.62,0.7,0.35,0.04,0.02,0.03,0.02,0.02,0,0
学3栋3548室电表,0.33,0.28,0.14,0.04,0.02,0.01,0.01,0.01,0.07,0.08,0.07,0.06,0.07,0.13,0.07,0.02,0.02,0.01,0.23,0.13,0.17,0.16,0.38,0.55,0.35,0.51,0.13,0.11,0.08,0.09,0,0
学3栋3601室电表,0.63,0.16,0.13,0.44,0.13,0.02,0.02,0.02,0.17,0.01,0,0.02,0.5,0.48,0.32,0.22,0.2,0.16,0.15,0.3,0.71,0.8,0.88,0.79,0.83,0.59,0.71,0.51,0.03,0.03,0,0
学3栋3602室电表,0.25,0.03,0.01,0.02,0.03,0.25,0.03,0.01,0.03,0.01,0.27,0.02,0.01,0.03,0.01,0.27,0.02,0.02,0.02,0.01,0.29,1.98,1.09,0.05,0.26,0.04,0.22,0.03,0.01,0.02,0,0
学3栋3605室电表,0.38,0.2,0.11,0.03,0.02,0.03,0.02,0.03,0.03,0.02,0.03,0.02,0.06,0.05,0.42,0.35,0.22,0.04,0.05,0.32,0.2,0.27,0.36,0.31,0.38,0.27,0.02,0,0.01,0.01,0,0
学3栋3608室电表,0.16,0.07,0.03,0.03,0.02,0.01,0.02,0.02,0.11,0.4,0.12,0.08,0.08,0.21,0.2,0.47,0.42,0.11,0.11,0.18,0.25,0.59,0.47,0.41,0.24,0.08,0.06,0.04,0.02,0.02,0,0
学3栋3610室电表,0.48,0.1,0.03,0.05,0.04,0.04,0.03,0.04,0.03,0.14,0.11,0.06,0.07,0.23,0.52,0.4,0.09,0,0.02,0.06,0.12,0.44,0.28,0.3,0.28,0.07,0.01,0.01,0,0.01,0,0
学3栋3613室电表,0.18,0.16,0.08,0.08,0.06,0.05,0.04,0.04,0.02,0.25,0.17,0.15,0.13,0.13,0.14,0.19,0.26,0.19,0.19,0.33,0.23,0.31,0.25,0.38,0.24,0.14,0.11,0.08,0.07,0.06,0,0
学3栋3616室电表,0.39,0.28,0.04,0.02,0.02,0.02,0.01,0.02,0.01,0.02,0.01,0.11,0.68,0.73,0.64,0.55,0.13,0.07,0.48,0.53,0.29,0.83,0.66,0.63,0.49,0.15,0.02,0.02,0.01,0.01,0,0
学3栋3617室电表,0.56,0.43,0.42,0.32,0.1,0.03,0.01,0.02,0.02,0.02,0.01,0.01,0.01,0.02,0.03,0.04,0.03,0.19,0.18,0.2,0.21,0.52,0.42,0.44,0.18,0.03,0.02,0.02,0.02,0.01,0,0
学3栋3618室电表,0.52,0.38,0.11,0.05,0.08,0.13,0.05,0.05,0.08,0.12,0.05,0.02,0.02,0.06,0.11,0.09,0.07,0.2,0.42,0.41,0.21,0.36,0.39,0.4,0.24,0.21,0.12,0.08,0.04,0.04,0,0
学3栋3621室电表,0.28,0.09,0.01,0,0.01,0.01,0,0.03,0.18,0.25,0.28,0.1,0.14,0.21,0.33,0.12,0.13,0.51,0.28,0.25,0.16,0.43,0.46,0.25,0.45,0.03,0.01,0,0.02,0,0,0
学3栋3622室电表,0.29,0.36,0.41,0.38,0.04,0.04,0.02,0.02,0.01,0,0,0,0,0,0.02,0.05,0.01,0.29,0.38,0.46,0.38,0.3,0.38,0.36,0.25,0.4,0.08,0.06,0.01,0,0,0
学3栋3625室电表,0.05,0.04,0.03,0.02,0.02,0.02,0.02,0.04,0.03,0.03,0.01,0.02,0.01,0.21,0.24,0.12,0.11,0.33,0.33,0.29,0.31,0.3,0.47,0.41,0.15,0.1,0.11,0.11,0.08,0.08,0,0
学3栋3630室电表,0.2,0.06,0.03,0.02,0.01,0.01,0,0.02,0.03,0,0.01,0,0.01,0.11,0.29,0.5,0.46,0.35,0.28,0.15,0.14,0.44,0.67,0.46,0.07,0.09,0.2,0.01,0.02,0.01,0,0
学3栋3632室电表,0.24,0.25,0.09,0.09,0.09,0.06,0.08,0.07,0.06,0.15,0.17,0.13,0.17,0.34,0.14,0.02,0.02,0.07,0.11,0.29,0.28,0.43,0.32,0.22,0.11,0.05,0.02,0.01,0.01,0.01,0,0
学3栋3640室电表,0.23,0.22,0.22,0.22,0.08,0.01,0.02,0.01,0.21,0.02,0,0.19,0.16,0.15,0.14,0.04,0.03,0.28,0.3,0.45,0.35,0.43,0.41,0.26,0.15,0.1,0.06,0.06,0.05,0.05,0,0
学5栋5103室电表,0.84,0.04,0.05,0.04,0.03,0.04,0.04,0.11,0.07,0.04,0.03,0.42,1.27,0.03,0.03,0.03,0.88,0.75,0.51,0.04,0.03,0.03,0.03,0.16,0.72,0.04,0.04,0.05,0.04,0.05,0,0
学5栋5105室电表,0.31,0,0,0.01,0,0,0.01,0.61,0,0.01,0,0,0,0.45,0.09,0.02,0.01,0,0,0.37,0.14,1.92,0.13,1.99,0.01,0,0,0.01,0,0,0,0
学5栋5106室电表,0.45,0,0.23,0,0,0.01,0.21,0.2,0.03,0.21,0,0.21,0.01,0,0.02,0.04,0.22,0,0.01,0,0,1.31,0.59,1.3,0.93,0.02,0.22,0,0.01,0,0,0
学5栋5107室电表,0,0.21,0.19,0.01,0,0.2,0.01,0.22,0.24,0.22,0,0.19,0.02,0,1.41,0.23,0.05,0.21,0,0.2,1.56,2.13,0.96,0.23,0.02,0.21,0.01,0.2,0.01,0.21,0,0
学5栋5108室电表,0.04,0.04,0.03,0.4,0.04,0.09,0.32,0.03,0.01,0.33,0.02,0.01,0.02,0.34,0.02,0.27,0.11,0.02,0.01,0.33,0.01,0.02,0.01,0.02,0.38,0.45,0.05,0.41,0.05,0.33,0,0
学5栋5110室电表,0.65,0.01,0.02,0.03,0.03,0.02,0.01,0.41,0.33,0.03,0.37,0.03,0.02,0.02,0.01,0.02,0.01,0.03,0.39,0.12,0.02,0.02,0.74,1.1,0.45,0,0,0,0,0.01,0,0
学5栋5112室电表,0.25,0.01,0.23,0.08,0.01,0.01,0.01,0.34,0.01,0.01,0,0.32,1.27,0.07,0.29,0.01,0,0.01,0.65,0.04,0.02,0.02,0.91,1.4,0.5,0.01,0.29,0.02,0.01,0.01,0,0
学5栋5113室电表,0,0.02,0.29,0,0,0,0.3,0.5,0.3,0,0,0.32,0,0.36,0.29,0.09,0.9,0.93,0.97,0.3,0.1,1.89,2.12,2.03,0.58,0,0,0.3,0,0,0,0
学5栋5116室电表,0.18,0.13,0.01,0,0.29,0,0.01,0.03,0.21,0.02,0.01,0.01,0.31,0.05,0.25,0.01,0.01,0.39,0.01,0,0.22,1.31,1.46,0.05,0.28,0.01,0.01,0.01,0.23,0.25,0,0
学5栋5117室电表,0.02,0.25,0.01,0,0.25,0,0,0.32,0.32,0.24,0.23,0,0,0.24,0.47,0.25,0.02,0.24,0,0,0.95,2.18,1.02,0.28,0.03,0.25,0.01,0.24,0,0.02,0,0
学5栋5118室电表,2.14,1.7,0.14,0.14,0.14,0.14,0.64,0.12,0.14,0.15,0.14,0.47,0.1,0.14,0.14,0.14,0.19,0.51,0.15,0.16,0.18,0.15,0.48,1.87,1.76,0.15,0.14,0.14,0.15,0.66,0,0
学5栋5119室电表,1.75,0.02,0.01,0.3,0.01,0,0.01,0.35,0.22,0.12,0,0.29,0,0,0.6,0,0.29,0.01,0,0,1.12,2.14,1.46,0.53,0.5,0.2,0.1,0,0.01,0.29,0,0
学5栋5120室电表,0.02,0.01,0.32,0,0,0.01,0,0.36,0.85,0.01,0.33,0,0,0,0.13,0.27,0,0,0.01,0.36,1.4,2.17,0.82,0.02,0,0.02,0.36,0.01,0,0.01,0,0
学5栋5122室电表,0.21,0.18,0.52,2.29,2.14,2.03,0.29,0.19,0.19,0,0.19,0,0.25,0.5,0.26,0.2,0.01,0.01,0.18,0.01,0.13,0.07,0.01,0,0.21,0,0.01,1.44,2.03,1.94,0,0
学5栋5123室电表,0.01,0.02,0.32,0,0.01,0,0.01,0.69,1.46,0.45,0,0.33,0,0.01,0.5,0.28,0.42,0.01,0,0.33,0.18,2.27,2.03,1.71,0.01,0.01,0.33,0,0.01,0,0,0
学5栋5125室电表,0.93,1.22,0.01,0.01,0.01,0.02,0.03,0.42,0.02,0,0.01,0,0,0.79,0.53,0,0,0.38,0.01,0.02,0,0.01,0.39,0,0.01,0.01,0.42,0.01,0.01,0,0,0
学5栋5126室电表,1.23,0.17,0.13,0.13,0.14,0.13,0.13,0.12,0.11,0.13,0.11,0.08,0.11,0.12,0.11,0.12,0.11,0.14,0.12,0.11,0.12,0.13,0.12,0.12,0.13,0.13,0.13,0.13,0.14,0.13,0,0
学5栋5130室电表,0,0,0.01,0,0.27,0,0.01,0,0,0.37,0.15,0.01,0.27,0.01,0.01,0,0.01,0.26,0.01,0.02,1.88,0.79,0.01,0.27,0,0,0.01,0,0.27,0,0,0
学5栋5131室电表,0.35,0,0,0,0.28,0.01,0.55,0.29,0,0.02,0.1,0.62,0,0,0,0.3,0.34,0,0,0,0.04,1.54,1.28,0,0,0,0.28,0,0,0.01,0,0
学5栋5133室电表,0,0,0.34,1.65,0.94,0.62,0.01,0.55,0.01,0.01,0.55,0,0.38,0.01,0.02,0.38,0,0.01,0,0.01,0,0.39,0.01,0,0.01,0,0.01,1.64,1.58,0.01,0,0
学5栋5136室电表,0.25,0.02,0,0.26,0.01,0,0.01,0.28,0.01,0.04,0.27,0.04,0.01,0.01,0.27,0.01,0.01,0.01,0.02,0.32,0.04,0.58,0.47,1.36,2.21,0.05,0.3,0.01,0.01,0.28,0,0
学5栋5137室电表,0.29,1.14,1.18,0,0.19,0.11,0,0,0.04,0.26,0,0,0.01,0.37,0.03,0.08,0.36,0,0.02,0.07,0.34,0.04,2,1.94,0.56,0.28,0,0.01,0.21,0.09,0,0
学5栋5138室电表,0.01,0,0.27,0.01,0,0.02,0,0.01,0.55,0.03,0.28,0.01,0.03,0.35,0.01,0.01,1.15,0.8,0.36,1.24,1.84,1.3,1.58,0.02,0.02,0.02,0,0.03,0.01,0.33,0,0
学5栋5139室电表,0.03,0.2,0.01,0.21,0.01,0.01,0.01,0.22,0.02,0.04,1.22,1.96,0.18,0.07,0.16,0.02,0.18,1.26,1.13,0.04,0.38,1.37,0.15,0.11,0.21,0,0.01,0.22,0,0.01,0,0
学5栋5140室电表,0.01,1.25,1.65,2.02,0.89,0.26,0.02,0.08,0.18,0.32,0.01,0.24,0.01,0.01,0.25,0.25,0,0.01,0.27,0,0.01,0.01,0.1,0.2,0,1.25,1.45,0.29,0.01,0.25,0,0
学5栋5141室电表,0,0.01,0,0,0,0,0,0.01,0,0,0.01,0.01,0.01,1.58,1.76,0.91,0,0,0,0.01,0,0,0,0,0.01,0,0,0,0.01,0,0,0
学5栋5146室电表,1.67,1.58,0.32,0.4,0.02,0.23,0,0.01,0.26,0.01,0,0.01,0.21,0,0,0.21,0,0,0.15,0.08,0.03,0.14,0.23,0.06,0.52,0.31,0.29,0.02,0,0.23,0,0
学5栋5201室电表,1.13,0.2,0.02,0.02,0.01,0.01,0.39,0.01,1.41,0.78,0.01,0,0.01,0,0.01,0,0.01,0,0.01,0,0.01,0,1.07,0.91,0.07,0.43,0.06,0.06,0.06,0.05,0,0
学5栋5202室电表,0.52,0.12,0.06,0.04,0.31,0.04,0.04,0.04,0.15,0.29,0.04,0.04,0.04,0.04,0.04,0.04,0.04,0.04,0.04,0.04,0.04,0.04,0.9,1.75,1.45,0.3,0.12,0.12,0.38,0.12,0,0
学5栋5203室电表,0.81,1.77,0.3,0.09,0.35,0.08,0.07,0.08,0.08,1.19,1.49,1.24,1.22,1.3,1.11,1.08,1.03,1.24,1.07,0.91,1.06,0.98,1.34,0.55,0.38,0.44,0.41,0.11,0.09,0.1,0,0
学5栋5205室电表,0.98,1.14,0.07,0.02,0.02,0.02,0.02,0.01,0.38,2.13,1.19,1.12,1.08,1.06,1.01,0.97,1.39,0.94,0.94,0.99,0.93,0.89,1.09,0.56,0.13,0.1,0.88,0.92,0.91,1.3,0,0
学5栋5206室电表,0.48,0.48,0.58,0.81,0.51,0.43,0.56,0.49,0.54,0.98,0.52,0.52,0.51,0.61,0.88,0.52,0.51,0.52,0.52,0.79,0.51,0.52,0.54,0.58,0.84,0.59,0.63,0.59,0.55,0.76,0,0
学5栋5207室电表,0.94,0.34,0.03,0.01,0.01,0.32,0.02,0.01,0.01,0.61,0,0,0.01,0,0.01,0,0,0.01,0,0.01,0,0,0.89,2.1,0.04,0.43,0.02,0.02,0.02,0.01,0,0
学5栋5208室电表,0.22,0.72,0.2,0.38,0.2,0.39,0.2,0.74,0.33,0.78,0.61,0.43,0.61,0.43,0.61,0.77,0.62,0.43,0.61,0.44,0.61,0.78,0.73,2.01,0.24,0.32,0.27,0.21,0.42,0.51,0,0
学5栋5209室电表,1.08,1.1,1.19,1,1.25,1.06,0.85,0.82,0.53,1.23,1.33,0.78,0.79,0.92,0.81,0.75,1.08,0.74,0.8,0.71,0.79,0.8,1.18,0.77,1.49,1.21,0.8,0.85,0.85,0.7,0,0
学5栋5212室电表,0.31,0.55,0.12,0.1,0.1,0.1,0.1,0.44,0.07,0.1,0.11,0.1,0.11,0.57,0.39,0.3,0.19,0.06,0.16,0.2,0.55,0.2,0,0,0,0.24,0.4,0.12,0.12,0.13,0,0
学5栋5213室电表,0.95,1.02,0.66,0.83,0.88,0.58,0.72,1.11,0,0.55,0.01,0.01,0,0.01,1.75,0.53,0.02,0,0.01,0.01,0,1.06,1.22,1.25,0.83,0.8,0.6,0.74,0.99,0.67,0,0
学5栋5215室电表,0.84,0.53,0.47,0.58,0.75,0.6,0.41,0.41,0.43,0.51,0.48,0.8,0.48,0.47,0.42,0.41,0.41,0.77,0.41,0.1,0.05,0.17,0.82,1.55,0.8,0.72,0.31,0.04,0.37,0.03,0,0
学5栋5216室电表,0.5,0.09,0.07,0.08,0.07,0.08,0.35,0.07,0.06,0.31,0,0,0,0,0,0,0,0,0,0,0,0,0.68,0.8,0.81,1.63,0.87,0.95,1.03,1.09,0,0
学5栋5217室电表,0.34,1.03,0.02,0.17,0.06,0.01,0.01,0.22,0.01,0.99,0,0,0,0,1.15,0.03,0,0,0,0,0,0.49,0.09,0.1,0.31,0.38,0.68,0.06,0.09,0.26,0,0
学5栋5218室电表,0.63,0.02,0.01,0.02,0.01,0.14,0.22,0.33,0.56,1.64,0.05,0,0.01,0.25,2.04,0.21,0.07,0.1,0.37,0.07,0.08,0.1,0.08,0.67,0.04,0.01,0.01,0.02,0.34,0.01,0,0
学5栋5219室电表,0.2,0.21,0.18,0.14,0.14,0.51,0.14,0.1,0.15,0.52,0.16,0.16,0.15,0.16,0.19,0.54,0.16,0.16,0.15,0.16,0.16,0.5,0.24,0.2,0.47,0.19,0.17,0.17,0.16,0.16,0,0
学5栋5221室电表,0.45,0.42,0.38,0.52,0.38,0.75,0.38,0.3,0.61,1.75,0.78,0.43,0.42,0.5,0.8,1.07,0.7,0.78,0.54,0.68,0.65,0.63,1.04,0.85,0.63,0.57,0.92,0.68,0.5,0.57,0,0
学5栋5225室电表,1.32,0.59,0.01,0.01,0.01,0.31,0.02,0.03,0.16,0.94,0.01,0,0.01,0.53,0.15,0.07,0.01,0,0.01,0,0.01,0.59,0,0.34,0.51,0.01,0.01,0.01,0.3,0.02,0,0
学5栋5226室电表,0.48,0.17,0.17,0.17,0.44,0.17,0.17,0.12,0.03,1.57,0.57,0.19,0.19,0.52,0.12,0.16,0.27,0.27,0.55,0.27,0.27,0.38,0.31,0.66,0.23,0.18,0.18,0.3,0.33,0.18,0,0
学5栋5228室电表,1.97,2.81,0.95,0.87,0.69,0.57,1.01,0.91,0.02,0.7,0.01,0,0,0.03,0.38,0.02,0.01,0,0,0.01,0,0.55,1.11,1.01,0.99,0.62,1.3,2.19,0.58,0.66,0,0
学5栋5230室电表,0.87,2.02,0.01,0.01,0.01,0.02,0.01,0.42,0.17,1.75,0,0,0,0.5,1.88,0,0,0,0,0,0,0,0,0,0.61,0.01,0.01,0.01,0.01,0.07,0,0
学5栋5231室电表,0.76,0.01,0.01,0.01,0.01,0.01,0.38,0.16,0.11,1.51,0.01,0,0.01,0.48,0.7,0.01,0.01,0,0.01,0.02,0,0.01,0.61,0.14,0.11,0.02,0.35,0.06,0.01,0.01,0,0
学5栋5232室电表,0.86,1,1.46,0.69,0.62,0.65,0.66,1.21,0.68,1.21,0.67,0.64,0.82,0.57,0.56,0.54,0.59,0.62,1.04,0.56,0.61,0.74,1.5,0.6,0.61,0.52,0.52,0.51,0.49,0.99,0,0
学5栋5233室电表,0.17,0.91,0.02,0.02,0.01,0.33,0.02,0.4,0.01,0.02,0,0,0.01,0.29,0.3,0.01,0,0.01,0,0.01,0,0.47,0.06,0.12,1.12,1.42,0.02,0.01,0.02,0.01,0,0
学5栋5235室电表,0.37,0.64,0.15,0.14,0.15,0.15,0.4,0.2,0.52,1.88,0.33,0.31,0.37,0.65,0.91,0.25,0.27,0.26,0.58,0.27,0.27,0.28,0.34,0.27,0.28,0.22,0.16,0.15,0.15,0.15,0,0
学5栋5236室电表,0.68,0.57,0.33,0.32,0.67,0.5,0.3,0.5,0.42,1.73,0,0.01,0,0.6,0.47,0.02,0.01,0,0,0.01,0,0.53,0.65,1.62,0.66,0.66,0.32,0.3,0.32,0.5,0,0
学5栋5237室电表,0.83,0.99,0.71,0.77,0.7,1.14,0.62,0.74,0.01,0.08,0.01,0,0,0.48,0.19,0.03,0.01,0,0,0,0,0.64,0,0,0.58,0.11,0.1,0.11,0.1,0.11,0,0
学5栋5238室电表,0.42,0.02,0.01,0.02,0.38,0.02,0.01,0.43,0,2.42,0.58,0.42,0.59,0.29,0.94,0.46,0.28,0.4,0.45,0.44,0.27,0.9,2.07,0.75,1.64,0.62,0.65,0.63,0.74,0.6,0,0
学5栋5239室电表,0,0.49,0.03,0.01,0.01,0.02,0.33,0.02,0.33,1.26,0.01,0,0.01,0.02,0.31,0.01,0,0.01,0,0.01,0,0.45,0.05,1.57,0.37,0.04,0.02,0.01,0.34,0.02,0,0
学5栋5252室电表,0,0.01,0,0.01,0,0.01,0,0.01,0,0.01,0,0.01,0,1.13,0.02,0,0.01,0,0.01,0.01,0,0.01,0.61,1.71,0.3,0.2,0.06,0.05,0.06,0.06,0,0
学5栋5309室电表,1.35,1.61,0.76,0.8,0.83,1.09,0.58,0.75,0.42,0.01,0.01,0.32,0,0.08,0.36,0.02,0.03,0.05,0.25,0.53,0.28,0.3,0.29,0.3,0.58,0.02,0.02,0.01,0.29,0.01,0,0
学5栋5311室电表,1.06,0.1,0.01,0.02,0.3,0,0.02,0.01,0.02,0,0,0.14,0,0.55,0.15,0,0.01,0.05,0.49,0.15,0.15,0.16,0.18,0.16,1.47,0.03,0.01,0.01,0.32,0.01,0,0
学5栋5312室电表,1.13,1.11,1.05,0.95,1.09,1.06,0.55,1.08,0.09,0.01,0,0.29,0,1.45,1.11,0.5,0,0.01,0.63,0.05,0.03,0.44,1.4,0.12,0.08,0.09,0.09,0.16,0.35,0.09,0,0
学5栋5313室电表,0.39,0.02,0.01,0.29,0.02,0.01,0.02,0.03,0.19,0.01,0.01,0.21,0,0.31,0.13,0,0.01,0.01,0.93,0.82,0.43,0.54,0.01,0.23,0.36,0.76,0.01,0.02,0.26,0.02,0,0
学5栋5315室电表,0.93,0.55,0.55,0.61,0.65,0.39,0.88,0.33,1.33,0.01,0,0.01,0,0.01,0,0.01,0,0.01,0,0.01,0,0.01,1.1,0.08,0.03,0.34,0.02,0.01,0.01,0.01,0,0
学5栋5316室电表,0.14,1.81,0.76,0.88,1.09,0.36,0.77,0.62,1.22,0.99,0.78,1.07,0.75,0.71,0.78,0.62,0.8,0.78,0.9,0.63,0.7,0.7,0.65,0.65,0.99,0.62,0.57,0.5,0.59,0.52,0,0
学5栋5318室电表,0.65,0.89,0.29,0.48,0.46,0.54,0.22,0.45,0.43,0.95,0.24,0.24,0.24,0.24,0.5,0.24,0.24,0.24,0.24,0.51,0.24,0.24,0.24,0.24,0.5,0.31,0.43,0.06,0.06,0.06,0,0
学5栋5319室电表,0.67,1.1,1.09,0.79,0.99,0.5,1.07,0.74,0.48,0,0.01,0.01,0,0.35,0.08,0.01,0,0,0.32,0.24,0.01,0,0.01,0.31,0.47,0.99,0.06,0.06,0.06,0.36,0,0
学5栋5320室电表,1.41,0.81,0.72,0.61,0.79,0.8,0.79,0.71,0.99,0.58,0.01,0,0.01,0,0.01,0,0.01,0.01,0,0.01,0,0.01,1.8,1.18,0.75,0.77,0.63,1.01,0.71,0.62,0,0
学5栋5321室电表,0.06,0.05,0.06,0.05,0.04,0.44,0.05,0.09,0.63,0.08,0.08,0.07,0.06,0.83,0.26,0.23,0.26,0.25,1.84,0.96,0.48,0.47,0.44,1.06,2.24,0.97,0.08,0.08,0.09,0.08,0,0
学5栋5322室电表,0.01,1.53,0.08,0.02,0,0.25,0.02,0.01,0.03,0.7,0.01,0,0.01,0,0.01,0,0.01,0,0.01,0,0.01,0,1.16,0.44,0.12,0.15,0.37,0.13,0.13,0.13,0,0
学5栋5323室电表,1,0.05,0.02,0.01,0.01,0.02,0.01,0.6,0.27,1.33,0,0,0,0.4,0.58,0,0,0,0,0,0,0.05,0.42,0.1,0.1,0.73,0.02,0.01,0.02,0.01,0,0
学5栋5325室电表,0.21,0.65,0.05,0.06,0.05,0.05,0.35,0.06,0.05,0,0.32,0,0.01,0.4,0.02,0.01,0,0.01,0.44,0,0.42,0.14,0.17,0.25,0.93,0.04,0.02,0.01,0.02,0.32,0,0
学5栋5326室电表,0.09,0.8,0.95,0.85,0.52,1.17,0.77,0.72,0.37,0.49,0,0.36,0,0.1,0.03,0.01,0,0,0.45,0.13,0.03,0.42,0.11,0.11,1.15,1.43,0.15,0.14,0.15,0.29,0,0
学5栋5327室电表,0.01,0.32,0.01,0.01,0.01,0,0.3,0.09,0.04,0.01,0.26,0,0,0.37,0.11,0.01,0,0,0.4,0.03,0.01,0.96,1.93,0.31,0.01,0.01,0.29,0.01,0.01,0.01,0,0
学5栋5328室电表,0.57,0.5,1.52,1.05,0.98,1.08,0.89,0.87,0.01,0,0.22,0,0.5,2.62,2.39,0.02,0.01,0,0.1,0.05,0.45,0.5,0.51,0.69,0.67,0.63,0.19,0.13,0.13,0.4,0,0
学5栋5329室电表,2.83,2.64,0.75,0.61,1.12,0.74,0.48,1.82,0,0,0.35,0,0,1.72,0.56,0,0,0,0.09,0.04,0.45,1.09,1.19,1.47,1.77,1.37,0.92,0.9,0.53,0.57,0,0
学5栋5330室电表,0.45,1.28,0.07,0.06,0.33,0.07,0.06,0.09,0.55,0,0.37,0,0,0.16,0.39,0.03,0,0,1.02,0.29,0,0.81,0.16,0.5,0.27,0.06,0.05,0.32,0.05,0.06,0,0
学5栋5331室电表,1.45,1.03,0.01,0.25,0.01,0.01,0.01,0.34,0,0.01,0.35,0,0.01,0.1,0.4,0,0.12,0.19,0.44,0.05,0.05,0.18,0.41,0.27,0.14,0.04,0.01,0.01,0.27,0.01,0,0
学5栋5332室电表,0.96,0.71,0.11,0.11,0.21,0.27,0.11,0.12,0.15,0.2,0.23,0,0.01,1.05,0.14,0.04,0.01,0,0,0.48,0.13,0.52,0.14,0.15,1.15,0.14,0.1,0.1,0.36,0.1,0,0
学5栋5333室电表,0.33,0.73,0.08,0.08,0.09,0.08,0.08,0.12,1.55,1.2,0.09,0,0.01,0.73,0.17,0,0.03,0.13,0.13,0.51,0.12,0.13,0.12,0.14,0.18,0.44,0.09,0.08,0.41,0.08,0,0
学5栋5335室电表,0.17,0.14,0.11,0.45,0.1,0.1,0.09,0.11,0.41,0,0.01,0,0,0.19,0.51,0,0,0,0,0,0,0.47,0.11,0.09,0.09,0.54,0.55,0.83,0.28,0.43,0,0
学5栋5336室电表,1.12,0.8,0.72,0.62,0.65,0.92,0.64,1.03,0.54,0.01,0.01,0,0.01,0.37,0.02,0.01,0,0.42,1.58,0.33,0.06,0.15,2.21,0.9,0.98,0.79,0.57,0.59,0.58,0.85,0,0
学5栋5337室电表,0.64,0.7,0.76,0.57,0.95,0.66,0.67,0.57,1,0.61,0.58,0.58,0.57,1.04,0.57,0.49,0.49,0.57,0.85,0.53,0.58,0.39,0.58,0.67,0.57,0.53,0.45,0.82,0.44,0.55,0,0
学5栋5338室电表,0.13,0.39,0.12,0.1,0.05,0.05,0.37,0.07,0,0,0.39,0.01,0,0.61,0.16,0.17,0.18,0.51,0.19,0,0.07,1.29,0.28,0.61,0.13,0.1,0.06,0.05,0.38,0.05,0,0
学5栋5340室电表,0.65,0.38,0.02,0.01,0.01,0.01,0.43,0.03,0.01,1.05,0.01,0,0.01,0.11,0.69,0.01,0,0.01,0,0.01,0,0.51,0.03,0,0.01,0,0.49,0.02,0.01,0.01,0,0
学5栋5341室电表,0.34,1.25,2.08,0.77,0.12,0.11,0.11,0.44,0.69,0.51,0.11,0.12,0.12,0.44,0.12,0.12,0.12,0.11,0.44,0.13,0.12,0.12,0.16,0.61,1.93,1.3,1.06,0.06,0.05,0.06,0,0
学5栋5342室电表,1.24,0.01,0.02,0.02,0.01,0.02,0.02,0.46,0.13,1.67,0,0,0,0.36,0.49,0.01,0,0,0,0,0,0.49,0.18,0.5,1.32,0.02,0.01,0.02,0.01,0.02,0,0
学5栋5348室电表,0.86,0.89,1.17,0.78,0.82,0.84,0.8,0.96,1.13,0.01,0.05,0,0,0,0,0,0,0,0,0,0,0,0,0,0,0,0,0,0,0,0,0
学5栋5350室电表,1.97,1.1,0.78,0.47,0.46,0.93,0.44,0.45,1.09,0.07,0.01,0,0,0,0.01,0,0,0,0.01,0,0,0,0.9,0.15,0.17,0.81,0.12,0.07,0.05,0.06,0,0
学5栋5352室电表,0.02,0.01,0.03,0.3,0.02,0.02,0.01,0.02,0.31,0.02,0.02,0.02,0.01,0.32,0.02,0.02,0.02,0.01,0.35,0.02,0.02,0.02,0.02,0.34,0.77,1.67,0.12,0.05,0.01,0.33,0,0
学5栋5401室电表,2.72,1.54,0.26,0.2,0.01,0,0.2,0.35,0.2,0.2,0.01,0.18,0.03,0.64,0.34,0.2,0.01,0,0.2,0,0,0.22,1.34,2.59,1.97,0.28,1.24,1.84,0.33,0.01,0,0
学5栋5402室电表,0.95,0.01,0.02,0,0.01,0,0,0.36,0.27,0,0,0.01,0,0.03,0.45,0.03,0.02,0.02,0,0.02,0.01,0,0.81,2.59,0.38,0.01,0.01,0.01,0.42,0,0,0
学5栋5403室电表,1.7,1.25,0.02,0.02,0.02,0.37,0.02,0.03,1.04,0.86,0.03,0.35,0.02,0.04,0.04,0.37,0.03,0.03,0.02,0.04,0.38,0.03,0.06,2.37,1.99,1.17,0.04,0,0.01,0.35,0,0
学5栋5405室电表,1.64,0.07,0.04,0.03,0.03,0.04,0.04,0.43,1.09,1.32,0.03,0.02,0.02,0.15,0.17,0.4,0.02,0.02,0.02,0.03,0.02,0.02,0.15,0.57,0.47,2.07,0.6,0.04,0.05,0.05,0,0
学5栋5406室电表,1.77,1.16,0.62,0.78,0.56,0.71,0.74,0.48,0.02,0.07,0.29,0.06,0.06,0.4,0.79,0.08,0.01,0.04,0.2,0.09,0.08,0.27,1.62,2.64,1.01,0.07,0.25,0.02,0.01,0.24,0,0
学5栋5407室电表,1.74,0.02,0,0,0.01,0.46,0,0.71,1.02,0,0.01,0,0,0.55,0.06,0.01,0.35,0.14,0.01,0.03,0.01,0,0.66,1.7,1.8,0.02,0,0,0.01,0,0,0
学5栋5408室电表,0.25,0.33,0,0.01,0,0,0.01,0.29,0.02,0.01,0.29,0,0,0.03,0.28,0.06,0,0.01,0,0.02,0,0.08,1.34,1.52,0.39,0.02,0.01,0.01,0.29,0,0,0
学5栋5409室电表,1.89,0.64,0.04,0.22,0.16,0.05,0.04,0.01,0.35,0.04,0.05,0.32,0.04,0.06,0.08,0.3,0.01,0,0.01,0.03,0.34,0.04,0.09,1.81,1.87,0.66,0.01,0,0.31,0.01,0,0
学5栋5410室电表,2.07,1.13,0,0,0.01,0,0,0.3,0.59,0,0,0.01,0.13,0.4,0.25,0.58,0,0,0.01,0.23,0.16,0,0.73,2.8,1.52,0.01,0,0.01,0,0.01,0,0
学5栋5411室电表,0.8,0.59,0.56,0.55,0.46,0.66,0.51,0.61,0.12,0.1,0.1,0,0.09,0.12,0.12,0.1,0.04,0.11,0.12,0.04,0.04,0.08,0.5,2.26,0.14,0.1,0.1,0.08,0.09,0.08,0,0
学5栋5412室电表,1.27,0.01,0,0.32,0.01,0,0,0.04,0.37,0,0.01,0,0,0.03,0.03,0.38,0,0,0,0.02,0,0.01,0.9,1.88,1.72,0.02,0.01,0.32,0,0.01,0,0
学5栋5413室电表,0.38,0.29,0.01,0,0.3,0,0,0.33,0.63,0.32,0.02,0,0.31,0.03,0.01,0.03,0.01,0.36,0.01,0.04,0.05,0.03,0.68,0.43,1.03,0.04,0.31,0.01,0.3,0,0,0
学5栋5415室电表,1.46,0.04,0.02,0.02,0.02,0.02,0.42,0.05,0.07,0.46,0.02,0.02,0.01,0.56,0.05,0.03,0.02,0.41,0.04,0.04,0.02,0.01,1.07,2.08,1.94,1,0.05,0.02,0.02,0.02,0,0
学5栋5416室电表,1.16,0.02,0.3,0,0.01,0,0.06,0.24,0.01,0.29,0,0.01,0,0.45,0,0.3,0,0.01,0.04,0.25,0,0.01,0.5,1.87,1.89,0.63,0.01,0.3,0.01,0,0,0
学5栋5417室电表,1.35,0,0.02,0.01,0.28,0,0.01,0.41,0.12,0.28,0,0,0.01,0.41,0.06,0.3,0,0,0,0.24,0.05,0,1.8,1.88,0.97,0.03,0,0.01,0.28,0.01,0,0
学5栋5418室电表,1.98,1.46,0.04,0.01,0.32,0.01,0,0.05,0.83,0.31,0.01,0,0,0.36,0.04,0.01,0.3,0,0,0.01,0.01,0.32,1.34,1.88,1.92,0.71,0.03,0.02,0.33,0.02,0,0
学5栋5419室电表,3.11,0.81,1.03,0.8,1.05,1.03,0.81,0.66,0.24,0,0.01,0,0.23,0.5,0.41,0.35,0.01,0,0.01,0.28,0,0.01,1.42,1.91,0.41,0.61,0.37,0.7,0.37,0.37,0,0
学5栋5420室电表,1.95,0.01,0,0.01,0,0.01,0,0.62,0.4,0.01,0,0.34,0,0,0.37,0.31,0.01,0,0,1.43,0.02,0.02,1.86,0.04,0.03,0.01,0,0.29,0.06,0,0,0
学5栋5421室电表,2.59,0.23,0.27,0,0.26,0,0.01,0.2,0.22,0.26,0,0,0.26,0.36,0.27,0.01,0.28,0,0.01,0.25,0,0,0.31,0.03,1.07,1.36,0.24,0.26,0.23,0.01,0,0
学5栋5422室电表,0.88,0.53,0.52,0.51,0.65,0.46,0.45,1.22,0.39,0.37,0.01,0,0,0.18,0.01,0.05,0.3,0,0.01,0.56,0,0.01,1.58,0.72,0.68,0.61,0.84,0.61,0.45,0.45,0,0
学5栋5423室电表,1.51,0.75,0.77,0.88,0.69,0.86,0.68,0.59,0.23,0.22,0.05,0.23,0.04,0.03,0.26,0.01,0,0.2,0.03,0.01,0.03,0.04,1.83,1.23,0.82,0.54,0.82,0.75,0.63,0.6,0,0
学5栋5425室电表,0.56,0.43,0.66,0.47,0.67,0.45,0.46,0.32,0.21,0.01,0.17,0.04,0,0.03,0.25,0.02,0,0.22,0,0.01,0,0.23,1.29,1.85,0.82,0.53,0.63,0.63,0.45,0.58,0,0
学5栋5426室电表,0.77,0.3,0.12,0.28,0.14,0.32,0.14,0.34,0.21,0.22,0,0.2,0,1.14,0.53,0.24,0.21,0.02,0.2,0.11,0.2,0,1.37,1.74,0.99,0.24,0.22,0.01,0.24,0.01,0,0
学5栋5427室电表,2.1,0.03,0.02,0.01,0.19,0.13,0.01,0.63,1.02,0.01,0,0,0.01,0.31,0.67,0.08,0,0.01,0,0,0.32,0,0.31,1.23,2.4,0.43,0.01,0.01,0,0.01,0,0
学5栋5428室电表,1.14,0.8,0.87,0.82,0.82,1.21,0.78,1.64,0,0.01,0,0.41,0.01,0.03,0.03,0.42,0.01,0.4,0,0.03,0.01,0.42,1.57,1.09,0.02,0.01,0,0,0.43,0,0,0
学5栋5429室电表,0.4,0.14,0.14,0.01,0.25,0.01,0,0.45,0.29,0.25,0.01,0.01,0.26,0.02,0.04,0.28,0,0.01,0,0.31,0.04,0.04,0.04,0.31,1.72,0.09,0.29,0,0.01,0.25,0,0
学5栋5430室电表,0.78,0.01,0.01,0.02,0.01,0.01,0.43,0.27,0.39,0.01,0.36,0,0.01,0.42,0.02,0.01,0.39,0.01,0.02,0.02,0.01,0.4,1.86,1.91,0.02,0.03,0.02,0.01,0.02,0.01,0,0
学5栋5431室电表,0.59,0.11,0.43,0.09,0.1,0.09,0.1,0.43,0.01,0,0,0.01,0.43,0.16,0.19,0.65,0.14,0.15,0.47,0.04,0,0.02,1.89,2.26,1.16,0.36,0.15,0.09,0.4,0.09,0,0
学5栋5432室电表,2.53,0.66,1.01,0.73,0.74,0.91,0.69,0.75,0.01,0.1,0.13,0.01,0.24,0.15,0.09,0.29,0.04,0.05,0.27,0.1,0.06,0.04,1.49,2.68,2.55,0.51,0.83,0.54,0.54,0.77,0,0
学5栋5433室电表,0.23,0.03,0.22,0.01,0.21,0.01,0.22,0.26,0.23,0,0.21,0,0.19,0.04,0.23,0.01,0,0.21,0,0.01,0.22,0.01,0.05,2.46,0.78,0.64,0.56,0.58,0.49,0.61,0,0
学5栋5435室电表,1.57,2.87,0.9,0.86,0.86,0.85,0.85,1.71,1.94,0.82,0.81,0.82,0.81,1.2,0.76,0.78,0.74,1.03,0.71,0.64,0.77,1.09,0.89,1.22,2.09,0.9,0.83,0.78,0.79,1.02,0,0
学5栋5436室电表,2.61,2.15,0.62,0.71,0.69,0.69,0.8,1.54,1.19,0.04,0.32,0.04,0.04,0.44,0.03,0.59,0.04,0.04,0.32,0.05,0,0.01,0.7,2.57,2.54,0.82,0.68,0.66,0.67,0.66,0,0
学5栋5437室电表,0.7,0.02,0,0.01,0,0.01,0,1.14,0.24,0,0.01,0,0.01,0.06,0.01,0.84,0.01,0,0.01,0.03,0,0,1.74,2.09,0.18,0.01,0.01,0,0.01,0.01,0,0
学5栋5438室电表,2.76,0.77,0.57,0.68,0.66,0.69,1.03,0.9,0.36,0.36,0,0.01,0.01,0.45,0.02,0.5,0.01,0,0,0.4,0,0.01,0.21,2.14,2.08,0.57,0.02,0.01,0.01,0,0,0
学5栋5439室电表,0.64,0.06,0.12,0.15,0,0.16,0,0.32,0.16,0,0.15,0.14,0.05,0.52,0.1,0.19,0.14,0.06,0.08,0.2,0.01,0,1.32,1.15,1.34,0.3,0.01,0.17,0.16,0.02,0,0
学5栋5440室电表,1.69,0.01,0.01,0.02,0.01,0.02,0.3,0.01,0.38,0.01,0,0.28,0.05,0.04,0.18,0.18,0.05,0.01,0.01,0.39,0.06,0.03,1.06,2.15,2.11,0.3,0.01,0.01,0,0.01,0,0
学5栋5441室电表,1.86,0.83,0.52,0.81,0.58,0.57,0.83,1.96,1.43,1.25,0.52,0.7,0.48,0.85,0.49,0.53,0.78,0.5,0.51,0.63,0.85,0.68,0.61,0.58,0.87,0.57,0.45,0.53,0.83,0.52,0,0
学5栋5442室电表,0.95,0.66,0.68,0.75,0.63,0.63,0.85,1.3,0.76,0.87,0.83,0.6,0.5,0.29,0.06,0.32,0.03,0.02,0.25,0.03,0.02,0.14,1.09,0.86,0.61,0.8,0.49,0.58,0.79,0.56,0,0
学5栋5443室电表,2.02,0.25,0,0,0,0.01,0.11,1.11,0.33,0,0,0.01,0.55,0.68,0.06,0.35,0.01,0,0.01,0.01,0.3,0.01,0.68,2.24,2.17,2.11,0.2,0.01,0,0,0,0
学5栋5446室电表,1.72,1.23,0.96,0.88,1.08,0.88,0.87,0.71,0.01,0,0,0,0.44,0.11,0.04,0.22,0,0,0.27,0.08,0,0,0.4,2.62,1.51,1.06,0.89,0.81,1.01,0.8,0,0
学5栋5448室电表,0.44,0.2,0.18,0.38,0.54,0.32,0.54,0.44,0.01,0.2,0.01,0.18,0,0.27,0.04,0.21,0.02,0.01,0.2,0.02,0.01,0.24,0.56,2.28,0.31,1.62,0.21,0.01,0.18,0.19,0,0
学5栋5450室电表,0.93,0.15,0.14,0.13,0.12,0.12,0.01,0.29,0.13,0.13,0.13,0.12,0.12,0.12,0,0.13,0.12,0.01,0.12,1.99,0.29,0.13,1.63,1.24,0.29,0.13,0.12,0.12,0.12,0.01,0,0
学5栋5452室电表,1.42,0.4,0.32,0.37,0.36,0.69,0.36,1.01,0,0.32,0,0.01,0,0.38,0,0.01,0,0.01,0.34,0.03,0,0,2.12,2.39,2.22,0.32,0.32,0.34,0.35,0.53,0,0
学5栋5501室电表,0.06,0.38,0.03,0.04,0.04,0.03,0.39,0.03,0.55,1.4,0.03,0.04,0.37,0.75,0.04,1.55,0.54,0.03,0.39,0.04,0.03,0.04,1.55,0.07,0.31,0.08,0.04,0.04,0.03,0.38,0,0
学5栋5502室电表,1.01,0.02,0.32,0.02,0.03,0.03,0.18,1.05,0.86,0.04,0.32,0.03,0.02,0.22,0.46,0.07,0.05,0.05,0.39,0.06,0.03,0.02,1.8,1.18,0.21,0.41,0.02,0.04,0.32,0.03,0,0
学5栋5503室电表,0.9,0.02,0.01,0.02,0,0.01,0.33,0.57,1.13,0,0,0.01,0.3,0.36,0.05,1.27,0,0,0.01,0.47,0.01,0,1.15,1.48,0.06,0.08,0.04,0.34,0.01,0.01,0,0
学5栋5505室电表,0.03,0.01,0.36,0.01,0,0.01,0,0.9,0.79,0.05,0.03,0.39,0.02,2.13,0.9,0.64,0.03,0.02,0.39,0.08,0.04,0.4,0.48,1.92,0.91,0.03,0.04,0.03,0.02,0.41,0,0
学5栋5506室电表,0.99,0.01,0,0.01,0.34,0.01,0,0.14,0.41,0.02,0.34,0,0,0.07,0.42,0.02,0.01,0.34,0.01,1.67,0,0,0.58,1.01,1.77,0.22,0.01,0,0.01,0.34,0,0
学5栋5507室电表,0.27,0.04,0.01,0.24,0.01,0.01,0.02,0.27,0.01,0,0,0,0.27,0.02,0.02,0.04,0.04,0.33,0.06,0.04,0,0.01,0.22,1.12,0.57,0.04,0.25,0.05,0.25,0.02,0,0
学5栋5508室电表,1.31,0.23,0.04,0.22,0.05,0.22,0.04,0.54,0.21,0.23,0.03,0.06,0.19,0.48,0.23,0.04,0.21,0.03,0.23,0.26,0.02,0.2,1.63,1.42,1.99,0,0.22,0,0.19,0,0,0
学5栋5509室电表,2.26,1.14,0.02,0.01,0.31,0.01,0,0.01,0.38,0.01,0,0,0.01,0.16,0.21,0.01,0,0,0.01,0,0.35,0,1.91,0.2,0.01,0,0.01,0.34,0.02,0.01,0,0
学5栋5510室电表,2.6,1.12,0.01,0.01,0.28,0,0.01,0.38,0.04,0.12,0.28,0.05,0.05,0.25,0.16,0.06,0.08,0.34,0.1,0.07,0.07,0.07,1.46,1.41,1.8,0,0.01,0.28,0.01,0,0,0
学5栋5511室电表,0.57,0,0,0.01,0.29,0.01,0.01,0.01,0.41,0,0,0.01,0,1.45,0.05,0,0.3,0.01,0,0,0.01,0.2,1.1,1.53,0.02,0,0.01,0,0.29,0.01,0,0
学5栋5512室电表,1.54,0.18,0.18,0.16,0.01,0.16,0,0.87,0.16,0.36,0.05,0.2,0.05,0.2,0.19,0.18,0.03,0.17,0.03,0.33,0.04,0.19,1.88,1.99,0.59,0.19,0.17,0,0.16,0,0,0
学5栋5513室电表,3.27,2.58,0.76,0.9,0.81,0.6,0.8,0.98,0.99,0.84,0.81,0.55,0.52,0.88,0.68,0.45,0.67,0.44,0.58,0.36,0.24,0.01,0.77,2.05,2.36,2.35,1.55,0.62,0.72,0.48,0,0
学5栋5515室电表,1.42,0.01,0.26,0,0.01,0.26,0,0.21,0.42,0.26,0,0,0.26,0.03,0.02,0,0.28,0,0,0.01,0,0.29,0.08,0.84,1.56,0.01,0.28,0,0.01,0.01,0,0
学5栋5517室电表,3.36,0.95,0.9,1.17,1.2,0.86,0.83,1.18,1.64,1.11,0.8,1.05,0.74,1.38,0.76,0.67,0.68,0.66,1.17,0.64,0.37,0.04,0.51,1.29,1.86,1.09,0.01,0.02,0.01,0.01,0,0
学5栋5518室电表,1.33,0.2,0.23,0.11,0.11,0.11,0,0.31,0.11,0.11,0.11,0.1,0.1,0.12,0.11,0.11,0,0.1,0.1,0.01,0.08,0.09,0.23,1.86,0.99,0.13,0.12,0.23,0.02,0.09,0,0
学5栋5519室电表,2.41,0.15,0.16,0.15,0.14,0.01,0.14,0.27,0.16,0.14,0,0.15,0.13,0.38,0.14,0.17,0.14,0.14,0.01,0.36,0,0.15,0.26,1.78,1.16,0.17,0.16,0.14,0.15,0,0,0
学5栋5520室电表,1.8,1.06,0.89,0.38,0.12,0,0.12,0.14,0.14,0,0.16,0.01,0.14,0.09,0.14,0.04,0.14,0.01,0.14,0.01,0.12,0.01,0.91,1.24,0.75,0.17,0.12,0.14,0.12,0,0,0
学5栋5522室电表,0.73,0.04,0.05,0.36,0.03,0.04,0.03,0.47,1.1,0.03,0.02,0.02,0.34,0.04,0.06,0.03,0.1,0.28,0.02,0.06,0.01,0.02,2.05,2.12,2.06,0.78,0.37,0.44,0.35,0.34,0,0
学5栋5525室电表,1.46,0.82,2.95,0.13,0.01,0.01,0.33,0.01,0.02,1.48,0,0.01,0.04,0.34,0.05,0,0,0.01,0.34,0.01,0,0.12,2.47,2.27,0.13,0.04,0.45,0.66,0.35,0.01,0,0
学5栋5526室电表,1.92,0.01,0.26,0.01,0,0.26,0,0.24,0.19,0.27,0,0.25,0,0.05,0.04,0.27,0,0,0.01,0.33,0.03,0.02,1.32,2.46,0.29,0.3,0.02,0.03,0.29,0.02,0,0
学5栋5527室电表,1.53,0.16,0.15,0.17,0.11,0.09,0.09,0.77,0.63,0.26,0.12,0.12,0.2,0.12,0.19,0.12,0.11,0.12,0.11,0.13,0.12,0.07,1.13,0.77,1.19,0.19,0.19,0.12,0.12,0.13,0,0
学5栋5528室电表,0.58,0.01,0.29,0,0.01,0,0.01,0.53,1.51,0.04,0.04,0.04,0.53,0.42,0.03,1.76,0.36,0.04,0.04,0.03,0.04,0.04,1.92,1.94,0.91,0.59,0.05,0.33,0.05,0.05,0,0
学5栋5529室电表,1.59,0.04,0,0.01,0.42,0,0.01,0.78,0.15,0,0.4,0,0.01,0.05,0.08,0.47,0,0,0.01,0,0.39,0.01,0.08,1.31,1.52,1.3,1.44,0,0.01,0.01,0,0
学5栋5530室电表,0.28,0.01,0.25,0,0,0.01,0.25,0.89,0.48,0.27,0,0,0.25,0.36,0.26,0.02,0.25,0,0,0.29,0.03,0.03,1.28,1.28,0.02,0.27,0.01,0,0.26,0.01,0,0
学5栋5532室电表,0.22,0.2,0.02,0.15,0.01,0.09,0.05,0.01,0.97,0.73,0.16,0.14,0.15,0,0.17,0.04,0.09,0.01,0.17,0,0.23,0.01,0.14,0.07,0.16,0,0.01,0.15,0,0.04,0,0
学5栋5533室电表,0.45,0.42,0.28,0.02,0.26,0.03,0.02,0.48,0.19,0.12,0.03,0.27,0.02,0.04,0.03,0.29,0.03,0.02,0.02,0.04,0.3,0.03,0.58,2.05,1.31,0.13,0.23,0.02,0.28,0.03,0,0
学5栋5535室电表,0.34,0.26,0.19,0.17,0.15,0.15,0.14,0.24,0.31,0.25,0.22,0.15,0.21,0.61,0.52,0.21,0.1,0.11,0.15,0.42,0.51,0.5,0.67,0.49,0.38,0.43,0.41,0.37,0.36,0.36,0,0
学5栋5546室电表,0.47,0.01,0.01,0,0,0.01,0,0.57,1.58,0.08,0.07,0.07,0.06,0.05,0.33,0.04,0.04,0.04,0.03,0.04,0.04,0.04,0.08,0.48,0.07,0.02,0,0,0.01,0,0,0
学5栋5641室电表,0.65,0.25,0.03,0.03,0.02,0.03,0.02,0.03,0.04,0.01,0,0,0,0,0,0,0,0,0,0,0.36,2.14,0.58,0.19,0.04,0.03,0.03,0.03,0.03,0.02,0,0
学6栋6117室电表,0.25,0.16,0.2,0.08,0.04,0.04,0.03,0.1,0.1,0.53,0.14,0.51,0.24,0.46,0.3,0.24,0.24,0.26,0.24,0.47,0.03,0.27,0.66,0.74,0.52,0.33,0.04,0.03,0.03,0.02,0,0
学6栋6136室电表,0.01,0.02,0,0.01,0,0.01,0.01,0.01,0.07,0.06,0.03,0.21,0.38,0.13,0.15,0.34,0.35,0.28,0.37,0.42,0.16,0.17,0.66,0.69,0.24,0.03,0.03,0.04,0.02,0.02,0,0
学6栋6138室电表,0.18,0.04,0.2,0.52,0.25,0.04,0.07,0.03,0.03,0.02,0.04,0.03,0.04,0.05,0.06,0.07,0.1,0.32,0.42,0.29,0.27,0.29,0.27,0.25,0.11,0.05,0.16,0.03,0.04,0.04,0,0
学6栋6140室电表,0.08,0.03,0.03,0.2,0.02,0.15,0.14,0.09,0.06,0.05,0.07,0.06,0.06,0.34,0.36,0.06,0.05,0.04,0.06,0.27,0.05,0.2,0.62,0.05,0.04,0.06,0.04,0.43,0.33,0.03,0,0
学6栋6205室电表,1.36,0.95,0.01,0.01,0,0.04,0.34,0.01,0.01,0,0,0,0,0,0.01,0.01,0.01,0.01,0.01,0.01,0,0.01,0.01,0.01,0.67,1.17,0.01,0.01,0.01,0.01,0,0
学6栋6209室电表,0.07,0.44,0.06,0.06,0.05,0.06,0.23,0.21,1.2,0.05,0.02,0.01,0.01,0.14,0.15,0.01,0.01,0,0.32,0.05,0.07,0.34,2.26,1.7,0.04,0.02,0.02,0.32,0.02,0.02,0,0
学6栋6217室电表,0.06,0.01,0,0.01,0.22,0,0.01,0.05,0.26,0.01,0.01,0,0.01,0,0.23,0.01,0,0.01,0.01,1.03,1.29,0.07,0.11,0.14,0.13,0.32,0.12,0.01,0,0,0,0
学6栋6221室电表,2.22,0.57,0.02,0.01,0.01,0.01,0.35,0.02,0.55,0.01,0.01,0,0.01,0.33,0.01,0.01,0.01,0,0.13,0.21,0.89,0.7,0.02,0.02,2.19,0.09,0.01,0.01,0.01,0.01,0,0
学6栋6222室电表,0.01,0.01,0.01,0.01,0.34,0.01,0.2,0.23,0.01,0,0.01,0.34,0.02,0,0.01,0,0.02,0.33,0.02,0,0.73,0.01,1.86,0.02,0.01,0.01,0.01,0.32,0.01,0.01,0,0
学6栋6223室电表,0.79,0.03,0.01,0.01,0.01,0,0.01,0.01,0,0.01,0,0.01,0,0.01,0,1.15,0.59,0.2,0,0.21,0.01,0.2,0.01,0.04,1.07,0.03,0.01,0.01,0.02,0,0,0
学6栋6228室电表,1.47,0.1,0.15,0.01,0.14,0.01,0.24,0.11,0.14,0,0,0,0,0,0,0,0,0,0,0,0,0,0,1.56,1.67,0.84,0.01,0.14,0.01,0.14,0,0
学6栋6303室电表,0.35,0.98,0.03,0.03,0,0.01,0.01,0.4,0.08,0.02,0,0,0,0.13,0.18,0.15,0.13,0.04,0.02,1.38,1.16,2.38,1.48,2.76,0.75,0.04,0.01,0.02,0.02,0.23,0,0
学6栋6305室电表,1.57,0.73,0.07,0.01,0.01,0.36,0.01,0.04,0.84,0.01,0,0.01,0.01,1.55,1.75,0.04,0.03,0.04,0.07,0.07,0.5,1.17,2.29,0.53,0.46,1.06,0.12,0.03,0.01,0.37,0,0
学6栋6307室电表,0.06,2.14,1.37,0.05,0.03,0.03,0.02,0.37,0.74,1.37,0.01,0,0.01,0.8,0.28,0.06,0.1,2.03,0.11,1.12,1.54,0.15,2.49,2.63,2.3,1.16,0.02,0.02,0.02,0.02,0,0
学6栋6308室电表,0.39,1.31,0.62,0.03,0.34,0.01,0,0.01,0.01,0.2,0,0,0,0,0.57,0.09,0.01,0.01,0.01,0.01,0.47,0.18,0.21,0.04,0.02,0.02,0.02,0.39,0.02,0.01,0,0
学6栋6309室电表,0.08,0.01,0.02,0.01,0.04,0.01,0,0.01,0.07,0.01,0,2.36,0.59,0.13,0.17,0.15,0.01,0,0,0.01,0.03,0.05,0.03,0.17,0.06,0.26,0.19,0.21,0.19,0.19,0,0
学6栋6311室电表,0.18,0.4,0.01,0.01,0.27,0.01,0.01,0.32,0.86,0,0,0.31,0.57,0.18,0.07,2.26,0.21,0.25,0.25,0.59,2.37,1.15,2.62,0.69,0.85,1.85,0.11,0.02,0.01,0.27,0,0
学6栋6313室电表,0.36,0.03,0.02,0.07,0.23,0.01,0,0,0.12,0.12,0.46,2.56,0.34,0.01,0.01,0.25,0,0,0.01,0.23,0.67,2.27,0.39,1.19,0.03,0.04,0.01,0.24,0,0.01,0,0
学6栋6315室电表,1.41,1.91,0.66,0.16,0.01,0.15,0.01,0.01,0.31,0,0,0.49,0.19,0.07,0.08,2.16,0.79,0.21,0.01,0.19,0.29,0.43,1.54,0.51,1.24,0.99,0.21,0.04,0.18,0.02,0,0
学6栋6316室电表,0.56,0.06,0.06,0.04,0.03,0.39,0.01,0.01,0.01,0,0,0.69,2.11,1.04,2.34,0.07,0.01,0.01,0.01,0.42,0.08,0.06,0.1,0.08,0.08,0.44,0.05,0.05,0.03,0.02,0,0
学6栋6317室电表,0.94,2.09,0.06,0.02,0.03,0.03,0.3,0.03,0.06,0.15,0,0.49,0.19,0.22,0.31,0.83,0.19,0.05,0.06,0.12,0.61,0.21,1.48,1.77,0.1,0.07,0.08,0.08,0.06,0.33,0,0
学6栋6318室电表,0.01,0,0.28,0.01,0,0.01,0.27,0.01,0.32,0,0,0.94,0.45,0.24,0.43,0.02,0.02,0,0.28,0,0.01,0.01,0.28,0.08,0.44,0.48,0.49,0.73,0.23,0.18,0,0
学6栋6319室电表,0.35,0.96,2.26,0.46,0.01,0.01,0,0.29,1.18,2.31,0.55,0.01,0.04,0.18,0.19,0.07,0.45,0.07,0.06,0.04,0.1,2.09,2.06,1.69,1.41,1,0.03,0,0.02,0.29,0,0
学6栋6321室电表,0.71,0.02,0.01,0.01,0.01,0.01,0.01,0.7,2.54,0.24,0.01,0.12,0.33,0.01,0.1,0.35,0.23,0.23,0.65,2.02,1.9,0.29,1.66,1.59,1.97,2.45,0.88,0.5,0.08,0.07,0,0
学6栋6322室电表,0.36,0.09,0.08,0.07,0.01,0.33,0.01,0.01,0.01,0.03,0.01,0.32,0.03,0.13,0.02,0.18,0.16,0.05,1.89,1.54,0.33,0.04,0.03,0.07,0.11,0.44,0.08,0.35,0.09,0.06,0,0
学6栋6323室电表,2.63,1.15,0.27,0.37,0.26,0.05,0.12,0.39,0.65,0.02,0,0.31,0.12,0.11,0.21,0.04,0.02,0.22,0.02,0.01,0.01,0.24,0.23,2.41,2.68,2.68,1.52,0.04,0.24,0.04,0,0
学6栋6325室电表,0.25,0.8,2,0.7,0.05,0.04,0.04,0.06,0.51,0.08,0.2,0.41,0.33,0.43,0.81,0.16,0.17,0.11,0.11,0.39,0.08,0.09,0.76,1.37,2.06,1.65,1.04,0.08,1.74,1.54,0,0
学6栋6326室电表,2.44,2.31,1.07,0.01,0.01,0.01,0.03,0.38,0.03,0.01,0,0.91,0.22,0.12,0.11,0.13,0.48,0.01,0.09,1.44,1.49,1.42,2.55,2.4,1.49,0.06,0.02,0.02,0.01,0.38,0,0
学6栋6327室电表,0.45,0.05,0.02,0.26,0.01,0.01,0.01,0.28,0.01,0.01,0.22,0.76,0.12,0.04,0.04,0.26,0.04,1.73,1.43,0.01,0,0.23,1.32,0.72,1.65,2.16,0.72,0.02,0.01,0.23,0,0
学6栋6328室电表,2.47,2.35,2.32,0.7,0.03,0.02,0.02,0.29,1.15,0.14,0,0,0,0.36,0.08,0,0,0,0.43,0.15,0.16,0.22,1.16,2.46,2.34,1.79,0.04,0.01,0.02,0.28,0,0
学6栋6329室电表,0.33,0.86,0.01,0,0.27,0.01,0.01,0.01,0.43,0.35,0,0.4,0.06,0.01,0.17,0.46,0.18,1.69,0.87,0.01,0.27,0.02,0.4,2.58,1.38,0.91,0.01,0.02,0.25,0.01,0,0
学6栋6330室电表,2.38,1.61,0.46,1.48,0.24,0.04,0.03,0.01,0.89,0.06,0.03,0.02,0,0.02,0.02,0.01,0.01,0,0.03,1.22,1.72,1.65,0.47,2.31,1.43,0.1,0.07,0.04,0.04,0.05,0,0
学6栋6331室电表,0.22,0.06,0.27,0.04,0.01,0.25,0.01,0.02,1.52,0.36,0,0.32,0.21,0.49,1.37,0.39,1.23,1.64,2.42,0,0,0,2.23,0.77,2.39,0.94,0.01,0.2,0,0.02,0,0
学6栋6332室电表,2.39,2.43,1.32,0.02,0.02,0.02,0.28,0.02,0.82,0.01,0.24,0.27,0.31,0.69,0.66,0.08,0.03,0.25,0.16,0.76,2.63,0.49,0.56,0.85,2.74,2.42,1.65,0.05,0.03,0.02,0,0
学6栋6333室电表,1.68,2.1,0.03,0.01,0,0.17,0.15,0.02,0.34,0.01,0,0.42,0.04,0.01,0.3,0.04,0.02,0.02,1.52,0,0.01,0,0.42,1.89,0.08,0.02,0.33,0.01,0.03,0.01,0,0
学6栋6335室电表,0.27,2.16,0.81,0.03,0.01,0.01,0.01,0.01,0.43,0.32,0.01,0,0.01,0.01,0.01,0.39,0.01,0.07,0.38,0.5,0.51,0.92,0.51,0.17,1.52,1.78,0.78,0.03,0.03,0.35,0,0
学6栋6336室电表,1.72,0.34,0.47,0.03,0.01,0.01,0.01,0.2,0.29,0.53,0.04,0.03,0.03,0.48,0.08,0.01,0,0.01,0.33,0.24,2.55,1.52,1.23,1.37,1.81,1.17,0.02,0.04,0.01,0.01,0,0
学6栋6339室电表,0.05,0.06,0.06,0.05,0.05,0.38,0.06,0.12,0.6,0.05,0.06,0.06,0.05,0.08,0.39,0.06,0.05,0.06,0.05,0.05,0.42,0.18,0.08,0.35,0.86,0.06,0.05,0.05,0.06,0.06,0,0
学6栋6340室电表,2.08,0.08,0.38,0.21,0.08,0.09,0.41,0.08,0.07,0.41,0.09,0.12,0.09,0.41,0.07,0.03,0.06,0.59,0.09,0.09,0.53,0.13,0.12,0.15,0.44,0.1,0.12,0.13,0.44,0.62,0,0
学6栋6342室电表,2.23,0.64,0.01,0.01,0,0.01,0.33,0.01,0.96,1.48,2.17,0.36,0.24,0.55,0.3,0.33,0.32,0.39,0.31,0.57,0.22,0.24,1.89,2.96,2.13,0.01,0.03,0,0.01,0.01,0,0
学6栋6346室电表,0.56,1.07,0.67,0.01,0.02,0.24,0.03,0.04,0.42,0.04,0.29,0.24,0.22,0.43,0.3,0.19,0.08,0.11,0.5,2.73,1.49,0.56,0.55,0.99,0.57,0.49,2.35,0.53,0.25,0.2,0,0
学6栋6348室电表,2.26,1.05,0.07,0.38,0.01,0.01,0,0.01,0.72,0.02,0.05,0.05,0.02,0.77,2.22,1.01,0.02,0.05,0.44,0.08,0.12,1.08,1.24,2.68,2.22,2.2,2.31,0.78,0.02,0.02,0,0
学6栋6350室电表,0.57,0.1,0.32,0.06,0.05,0.06,0.05,0.29,0.35,0.16,0.44,0.16,0.1,0.11,0.4,0.22,0.2,0.34,0.56,0.45,1.11,1.25,1.71,0.81,0.29,0.53,0.08,0.08,0.07,0.06,0,0
学6栋6352室电表,1.19,0.18,0.05,0,0.01,0.37,0.01,0.01,0,0,0,0,0,0,0.17,0.35,0.01,0,0.02,0.14,0.5,0.15,0.13,0.17,0.58,1.84,0.01,0.01,0,0.01,0,0
学6栋6401室电表,1.69,1.04,0.07,0.06,0.02,0.02,0.34,0.01,1.73,0.37,0,0.03,0.04,0.49,0.15,0,0,0.35,0.33,0.24,0.02,0.91,2.1,2.34,1.18,2.38,1.15,0.06,0.01,0.01,0,0
学6栋6402室电表,0.07,0.48,0.02,0.02,0.01,0.01,0.01,0.01,1.68,0.01,0.01,0.01,0.2,1.21,0.18,0.09,0.08,0.09,0.38,0.41,0.64,0.94,1.15,1.75,0.61,0.02,0.01,0.01,0.01,0.01,0,0
学6栋6403室电表,0.79,0.32,0.28,0.36,0.01,0.03,0.03,0.02,0.29,0.01,0,0,0.6,0.25,0.72,0.03,0.02,0.04,0.08,0.48,0.13,0.23,0.16,0.24,0.52,0.42,0.74,0.63,1.1,0.03,0,0
学6栋6405室电表,0.47,0.89,0.53,0.01,0.32,0.01,0.01,0.01,0.43,0.01,0.01,0,0.34,0.03,0.02,0.01,0.01,0.05,0.51,0.84,0.69,0.25,0.39,0.75,0.4,0.44,0.42,0.39,0.41,0.01,0,0
学6栋6407室电表,2.03,2.45,1.28,1.88,0.04,0.02,0.03,0.02,0.41,0.04,0,1.03,0.35,0.2,0.17,0.4,0.01,0.02,0.3,0.73,0.76,0.36,2.27,1.48,1.8,2.7,0.31,2.21,1.32,0.02,0,0
学6栋6409室电表,1.39,0.33,0.24,0.04,0.31,0.02,0.04,0.02,1.22,0,0,0.7,0.91,0.58,0.67,0.15,0.46,0.14,0.17,1.24,0.16,1.57,2.84,1.31,1.12,1.25,0.03,0.02,0.04,0.02,0,0
学6栋6411室电表,0.63,0.06,0.04,0.04,0.38,0.04,0.03,0.02,0.41,0.02,0.03,0.32,0.19,0.52,0.12,0.04,0.02,0.01,0.34,2.04,1.44,0.09,0.19,1.33,2.12,1.14,0.04,0.04,0.03,0.04,0,0
学6栋6413室电表,0.19,0.45,0.02,0.01,0.01,0.01,0.27,0.01,0.41,0.89,0.01,0.11,0.82,0.18,0.37,0.08,0.39,0.01,0.08,0.09,0.56,0.4,0.65,0.99,1.13,0.02,0.02,0.26,0.01,0.01,0,0
学6栋6415室电表,1.57,0.35,0.04,0.01,0.02,0.01,0.3,0.01,0.94,0,0,0.02,0.37,0.07,0.11,0.27,0.5,0.26,0.01,0.01,0.43,1.99,2.29,2.45,2.08,1.3,2.01,0.56,0.02,0.01,0,0
学6栋6417室电表,0.65,0.27,0.02,0.23,0.01,0.01,0.23,0.01,0.93,0.18,0,0.99,0.15,0.28,0.02,0.28,0.02,0,0.26,0.42,0.18,0.16,1.52,1.89,2.08,1.89,0.02,0.28,0.01,0.25,0,0
学6栋6419室电表,0.6,1.79,0.43,0.02,0.02,0.01,0.32,0.01,0.06,0,0,0.59,0.1,0.76,0.03,0.06,0.04,0.3,0.02,0.31,0.07,0.77,2.32,2.19,0.57,0.71,0.04,0.01,0.01,0.34,0,0
学6栋6421室电表,1.69,1.13,0.06,0.03,0.27,0.03,0.03,0.28,0.59,0,0,0.3,0.1,0.14,0.35,0.25,0.06,0.01,0.15,0.34,0.15,0.64,1.69,1.18,0.55,0.42,0.05,0.02,0.3,0.02,0,0
学6栋6423室电表,0.44,0.61,2.27,0.27,0.09,0.04,0.28,0.01,0.02,0.01,0.01,0.89,0.37,0.53,0.26,0.27,0.16,0.3,0.02,0.54,1.83,0.49,1.74,2.02,0.54,0.5,2.15,2.06,0.06,0.26,0,0
学6栋6425室电表,0.32,0.05,0.29,0.02,0.28,0.03,0.01,0,0.21,0.1,0.01,0.04,0.06,0.3,0.13,0.49,0.05,0.32,0.11,1.53,0.68,1.46,2.04,2.28,0.53,0.3,0.01,0.04,0.28,0.01,0,0
学6栋6427室电表,2.65,1.79,1.51,0.3,0.01,0.23,0.01,0.01,0.13,0.5,0.45,2.02,0.21,0.41,0.69,0.08,0.35,0.21,0.35,0.49,0.48,0.43,1.25,0.31,1.89,0.81,0.02,0.05,0.25,0.04,0,0
学6栋6429室电表,2.97,1.39,2.63,2.49,2.2,2.46,0.83,0.46,0.45,0.77,0.46,0.48,1.19,1.02,0.69,0.94,0.66,0.78,2.4,1.69,0.79,0.66,2.56,1.61,0.57,0.57,2.3,1.7,0.3,0.32,0,0
学6栋6431室电表,0.01,0.04,1.19,0.09,0.01,0.01,0,0.01,0.01,0,0.36,0.88,0,0.01,0,0.31,0.09,0.01,0.29,0.02,0,0,0.01,0.01,0.67,1.85,0.03,0.01,0.01,0.01,0,0
学6栋6433室电表,0.38,1.25,1.91,0.02,0.02,0.01,0.23,0.05,0.01,0.01,0.04,0.37,0.31,0.25,0.67,0.37,0.47,0.57,0.48,0.22,0.49,2.28,2.19,2.19,1.68,1.23,0.05,0.03,0.02,0.3,0,0
学6栋6435室电表,0.17,1.84,2.09,1.1,0.03,0.03,0.02,0.02,0.65,0.76,0.19,0.61,0.19,0.14,0.56,0.01,0.02,0.02,0.08,0.23,0.19,0.53,2.2,2.09,2.38,2.02,2,0.15,0.02,0.02,0,0
学6栋6436室电表,0.47,0.45,0.04,0.3,0.01,0.05,0.28,0.02,0.02,0.38,0.01,0.28,0.13,0.24,0.06,0.06,0.32,0.09,0.08,1.95,0.1,1.52,2.04,2.03,0.94,0.03,0.3,0.03,0.02,0.28,0,0
学6栋6437室电表,2.41,1.53,0.02,0.02,0.01,0.01,0.31,0.01,0.01,0.78,0.01,0.01,0.8,0.3,0.17,0,0.33,0.01,0.07,0.29,0.62,1.91,1.78,2.03,2.56,0.54,0.02,0.01,0.01,0.02,0,0
学6栋6439室电表,0.28,0.52,0.04,0.01,0.01,0.01,0.38,0.01,0.67,0.74,0.96,0.29,2,1.42,0.14,0.01,0.01,0,0.49,0.64,0.68,1.68,2.59,0.96,0.91,0.04,0.02,0.35,0.02,0.01,0,0
学6栋6440室电表,0.09,0.87,1.51,0.01,0,0.01,0.27,0.01,0,0.89,1.42,0.01,0.01,0.02,0.28,0,0,0.01,0.4,0.02,0.04,0.11,0.39,0.08,0.23,0.03,0.02,0.04,0.25,0,0,0
学6栋6441室电表,2.74,1.2,2.24,0.21,0.02,0.01,0.02,0.37,0.02,0.08,0.01,0.41,0.01,0.16,0.24,0.44,0.01,0.01,0.11,0.73,0.57,0.61,0.59,0.57,2.41,2.16,0.04,0.03,0.01,0.01,0,0
学6栋6443室电表,0.71,0.33,0.02,0.02,0.35,0.01,0.01,0.01,0.36,0.35,0.02,0.02,0.01,0.33,0.01,0.01,0,0.01,0.33,0.29,0.9,2.61,1.62,0.6,0.61,2.16,1.38,0.15,0.02,0.05,0,0
学6栋6450室电表,0.33,0.03,0.03,0.26,0.03,0,0.01,0.27,0,0.22,0.01,0,0.28,0,0.01,0.26,0.01,0.01,0,0.26,0.01,0,0.87,2.03,0.03,0.02,0.02,0.28,0,0.01,0,0
学6栋6501室电表,0.67,0.47,0.02,0.03,0.02,0,0.4,0.05,0.01,0.01,0.01,0.48,0.02,0.03,0.71,0.29,0.01,0,0.47,0.32,0.13,0.82,2.35,2.06,2.24,0.11,0.34,0.16,0.02,0,0,0
学6栋6502室电表,1.35,1.4,0.53,0.06,0.05,0.04,0.05,0.05,1.2,0.05,0.05,0.22,0,0.59,0.81,1.16,0.7,0.05,0.66,1.38,0.23,1.79,1.41,1.84,0.34,0.63,0.1,0.07,0.41,0.04,0,0
学6栋6503室电表,1.17,2.1,1.89,0.01,0.03,0.22,0.01,0,0.23,0.01,0.42,0.02,0.01,0.02,0.02,0.03,0.04,0,0.36,1.99,0.78,0.01,1.31,2.07,1.32,1.37,0.87,0.04,0.03,0.02,0,0
学6栋6505室电表,1.64,0.04,0.04,0.01,0.01,0.01,0.01,0.46,0.07,0,0,0,0,0.45,0.03,0.01,0.01,0,0.01,0.05,0.47,0.04,0.04,0.97,2.36,2.05,0.36,0.01,0.01,0,0,0
学6栋6506室电表,0.24,0.28,0.01,0,0.01,0,0.29,0.01,0.12,0.28,0.01,0,0.01,0.04,0.34,0,0.01,0.01,0.08,1.48,2.17,1.62,2.15,0.17,0.26,0.14,0.01,0,0.01,0.07,0,0
学6栋6507室电表,0.33,0.22,2.14,0.04,0.02,0.01,0.29,0.02,0.04,0.01,0.24,0.08,0.06,0.54,1.99,1.54,0,0,0.01,1.18,2.4,0.86,0.78,2.11,2.33,0.2,0.05,0.03,0.33,0.01,0,0
学6栋6508室电表,2.38,2.03,0.03,0.01,0.02,0.01,0.02,0.37,1.45,1.02,0.01,0.01,0,0.27,0.69,0.27,0.28,0.16,0.55,2.53,2.89,1.29,2.65,2.34,2.32,1.9,0.02,0.01,0.01,0.01,0,0
学6栋6509室电表,0.25,0.26,0.23,0.15,0.36,0.09,0.1,0.1,0.29,0.08,0,0,0,0.59,1.03,0.01,0,0,0.33,0.22,0.79,2.11,1.68,0.96,1.71,0.07,0.07,0.04,0.29,0.02,0,0
学6栋6510室电表,1.65,0.49,0.04,0.02,0.02,0.28,0.02,0.41,0.49,0.46,0.19,0.1,0.13,0.67,0.42,0.14,0.49,0.11,0.21,1.28,2.54,2.14,0.96,0.39,0.27,0.52,0.57,0.02,0.03,0.28,0,0
学6栋6511室电表,1.99,0.02,0,0.01,0,0.33,0.01,0,1.07,0,0,0,0,0.93,0.15,0.33,0.01,0,0.02,0.79,1.03,2.14,2.43,2.19,1.42,0,0.01,0,0.01,0.34,0,0
学6栋6512室电表,2.21,0.61,0.05,0.03,0.02,0.32,0.02,0.02,0.48,1.06,0.08,0.06,0.08,0.47,0.22,0.21,0.21,0.43,0.44,0.43,0.37,2.1,2.72,0.55,0.5,2.1,0.62,0.02,0.02,0.02,0,0
学6栋6513室电表,1.57,1.51,0.08,0.06,0.05,0.05,0.06,0.11,0.31,0,0,0,0,0.84,1.81,0,0.01,0,0.44,0.39,0.28,0.28,2.54,2.34,2.54,2.78,2.6,0.79,0.01,0.01,0,0
学6栋6516室电表,1.57,0.24,0.04,0.02,0.01,0,0.33,0.01,0.82,0,0.01,0,0.32,0.05,0.1,0.07,0.04,0.01,0.52,0.5,2.31,2,2.18,1.3,1.75,0.9,0.02,0,0.01,0,0,0
学6栋6517室电表,2.12,1.91,0.08,0.03,0.01,0.02,0.36,0.01,0.09,0.08,0,0,0,1.25,0.02,0.01,0.01,0.25,0.89,2.11,2.45,2.26,1.44,0.05,0.03,0.08,0.35,0.02,0.02,0.01,0,0
学6栋6518室电表,0.07,0.02,0.31,0.01,0.02,0.01,0.01,0.52,0.04,0,0,0,0,0.69,0.16,0.31,2.3,0.71,0.03,0.03,1.61,2.09,2.12,1.21,0.02,0.03,0.03,0.01,0.36,0,0,0
学6栋6519室电表,0.56,0.21,1.12,0.01,0,0.27,0.01,0.02,0.38,0,0.01,0,0.27,0.04,0.02,0.25,0.01,0.18,0.03,0.47,0.2,0.62,2.28,1.42,0.52,0.37,0.01,0,0.24,0.01,0,0
学6栋6520室电表,1.26,2.49,1.91,1.29,0.02,0.22,0.07,0.03,0.15,0.29,0,0,0,0.72,0.73,0.72,0.36,0.37,0.84,2.79,1.6,1.68,3.05,2.53,2.39,0.41,0.06,0.27,0.03,0.04,0,0
学6栋6521室电表,0.28,0.01,1.95,0.13,0.16,0.01,0.01,0.27,0.43,0.02,0.13,0.01,0.01,0.55,0.41,0.16,0.01,0.23,0.03,0.11,0.36,0.11,0.21,0.18,0.07,0.01,0.44,0.14,0.01,0.14,0,0
学6栋6522室电表,0.04,0.85,0.02,0.01,0,0.01,0,0.19,0.24,0.01,0,0,1.41,1.81,0.14,0.01,0,0,0.02,0,0.02,0.42,0.02,0.48,0.95,0.01,0.01,0.01,0.01,0.01,0,0
学6栋6523室电表,0.31,0.01,0,0,0.01,0,0.01,0,0.06,0,0.01,0,0.01,0.02,0.03,0.01,0,0.09,1.52,2.27,1.67,1.16,2.17,1.46,0.01,0,0,0.01,0,0.01,0,0
学6栋6525室电表,0.03,0.02,0.3,0.01,0.01,0.01,0.01,0.01,0.02,0.43,0.01,0,0.01,0.71,0.8,0.01,0.01,0.27,0.23,1.2,0.22,1.08,1.59,0.72,0.73,0.3,0.03,0.03,0.02,0.01,0,0
学6栋6526室电表,2.05,1.42,0.01,0.03,0.01,0.01,0.31,0.35,0.17,0.34,0,0,0.12,0.4,0.02,0,0.31,0.03,0.03,0.03,1.42,0.42,0.6,0.97,0.02,0.02,0.02,0,0.27,0.01,0,0
学6栋6527室电表,2.27,2.15,0.56,0.07,0.03,0.27,0.02,0.79,0.77,0.27,0,0.01,0,1.13,0.22,0.16,0.17,0.42,0.99,1.68,0.25,0.26,0.51,1.27,0.61,0.27,0.1,0.08,0.33,0.06,0,0
学6栋6536室电表,1.66,2.31,1.38,2.06,0.95,0.11,1.74,0.61,0.01,0.01,0.38,0.21,0,1.85,0.34,0.65,0.09,0,0.37,0.12,0.06,0.39,1.72,0.79,1.75,2.32,1.29,1.21,0.01,0.28,0,0
学6栋6537室电表,0.26,0.04,0.38,0.02,0.02,0.02,0.36,0.02,0.05,0.06,0.05,0.43,0.03,0.37,0.43,0.71,1.88,0,0.59,2.27,1.41,0.12,0.28,0.58,0.58,0.49,1.72,0.07,0.01,0.02,0,0
学6栋6538室电表,0.7,0.78,0.13,0.06,0.04,0.04,0.4,0.08,0.54,0.05,1.24,2.14,0.21,0.05,0.08,0.34,0.02,0,0.01,1.35,0.02,0.04,0.24,2.38,1,1.05,0.62,0.03,0.01,0.01,0,0
学6栋6540室电表,0.34,1.39,0.92,0.01,0,0.01,0.28,0.01,0.81,0.39,0.01,0.01,0.03,0,0.35,0,0.3,0,0.78,0.33,0.32,0.39,0.64,0.45,2.31,0.98,0.01,0,0.01,0.27,0,0
学6栋6542室电表,1.41,1.43,0.01,0.01,0.01,0.02,0.01,0.4,0.52,0.01,0.01,0.01,0.01,0.06,0.42,0.01,0,0.01,0.04,0.59,1.79,2.21,1.87,2.25,1.36,0.1,0.02,0.02,0.02,0.01,0,0
学6栋6546室电表,1.4,0.68,0.29,0,0.01,0.26,0.01,0.21,0.6,0.33,0.24,0.01,0.01,0.57,0.37,0,0.01,0,0.35,0.37,0.37,0.8,1.7,1.88,1.32,1.15,0.11,0.28,0.01,0.26,0,0
学6栋6548室电表,0.21,0.9,1.11,0.09,0.05,0.06,0.05,0.85,0.35,0.66,0.14,0.14,0.15,0.45,0.66,0.15,0.15,0.17,0.18,0.49,0.77,0.56,2.08,0.73,1.34,1.68,0.45,0.07,0.06,0.06,0,0
学6栋6552室电表,2.26,2.14,1.94,0.06,0.01,0.01,0.38,0.02,0.01,0,0.01,0.02,0.08,0.51,0.03,0.04,0.07,0.04,0.41,0.26,0.28,0.22,0.16,0.05,0.65,2.14,1.17,0.02,0.35,0,0,0
学6栋6610室电表,0.5,0.28,0.88,0.99,0.88,0.98,0.89,0.98,0.64,0.28,0.05,0.04,0.02,0.04,0.1,0.08,0.08,0.46,0.46,0.45,0.29,0.35,0.44,0.3,0.28,0.03,0.04,0.02,0.01,0,0,0
学6栋6612室电表,0.43,0.19,0.07,0.06,0.05,0.09,0.05,0.07,0.04,0.05,0.05,0.22,0.36,0.52,0.21,0.04,0.07,0.99,0.94,1.02,0.83,0.9,0.52,0.69,0.36,0.45,0.07,0.06,0.07,0.06,0,0
学6栋6613室电表,0.43,0.26,0.18,0.13,0.11,0.11,0.09,0.09,0.02,0.09,0.03,0.03,0.02,0.02,0.03,0.01,0.01,0.36,0.59,0.67,0.53,0.41,0.24,0.25,0.13,0.04,0.07,0.06,0.02,0.02,0,0
学6栋6616室电表,0.07,0.04,0.01,0.01,0.04,0.03,0.01,0.01,0.01,0.04,0.05,0.02,0.01,0.09,0.08,0.01,0,0.3,0.29,0.17,0.33,0.67,0.57,0.77,0.71,0.7,0.39,0.04,0.04,0.03,0,0
学6栋6617室电表,1.01,1.14,0.9,0.05,0.06,0.06,0.04,0.03,0.03,0.03,0.03,0.01,0.01,0.16,0.28,0.07,0.02,0.02,0.08,0.48,0.27,0.22,0.47,0.26,0.19,0.09,0.04,0.09,0.06,0.04,0,0
学6栋6618室电表,0.38,0.38,0.36,0.12,0.06,0.06,0.06,0.06,0.13,0.52,0.4,0.05,0.01,0.17,0.35,0.43,0.15,0.02,0.05,0.31,0.17,0.24,0.18,0.42,0.35,0.39,0.62,0.73,0.26,0.07,0,0
学6栋6625室电表,0.07,0.06,0.18,0.29,0.44,0.42,0.28,0.01,0.02,0.03,0.01,0.02,0.01,0.01,0.2,0.03,0.06,0.01,0.08,0.46,0.56,0.66,0.62,0.67,0.27,0.13,0.13,0.09,0.06,0.02,0,0
学6栋6633室电表,0.06,0.04,0.04,0.02,0.01,0.01,0.01,0.04,0.12,0.28,0.28,0.02,0,0.23,0.38,0.48,0.31,0,0.04,0.71,0.65,0.51,0.16,0.06,0.07,0.03,0.02,0.02,0.03,0.01,0,0
学6栋6646室电表,0.42,0.12,0.06,0.06,0.06,0.07,0.04,0.19,0.07,0.27,0.25,0.08,0.01,0.16,0.33,0.01,0.01,0,0.04,0.65,0.67,0.49,0.47,0.46,0.11,0.07,0.09,0.05,0.04,0.06,0,0
学6栋6650室电表,0.3,0.26,0.26,0.36,0.25,0.18,0.19,0.18,0.27,0.42,0.28,0.2,0.19,0.36,0.44,0.44,0.39,0.39,0.47,0.44,0.28,0.33,0.38,0.53,0.45,0.39,0.37,0.1,0.06,0.05,0,0
学6栋6652室电表,0.07,0.07,0.02,0.01,0.01,0.01,0.01,0.01,0.16,0.46,0.47,0.03,0.02,0.45,0.56,0.45,0.31,0.01,0.11,0.64,0.02,0.35,0.58,0.52,0.12,0.03,0.01,0.01,0.01,0.01,0,0
学7栋7106室电表,0.28,0.03,0.02,0.02,0.02,0.02,0.03,0.02,0.02,0.06,0.27,0.04,0.04,0.39,0.16,0.04,0.04,0.17,0.96,0.9,1.01,0.12,0.16,0.15,0.05,0.03,0.03,0.02,0.04,0.03,0,0
学7栋7115室电表,0.55,0.49,0.49,0.53,0.5,0.49,0.06,0.01,0.04,0.01,0.03,0.01,0.01,0.05,0.29,0.51,0.45,0.46,0.54,0.23,0.03,0.05,0.05,0.44,0.81,0.51,0.46,0.5,0.46,0.4,0,0
学7栋7116室电表,0.07,0.02,0.02,0.01,0,0.01,0.01,0,0.02,0,0.01,0,0.01,0.08,0.11,0.01,0,0.01,0.11,0.74,0.6,0.7,0.65,0.61,0.64,0.57,0.57,0.4,0.02,0.01,0,0
学7栋7120室电表,0.03,0.01,0.02,0.01,0.01,0,0.01,0.01,0.02,0,0,0,0.01,0.23,0.4,0.57,0.49,0.53,0.56,0.64,0.57,0.08,0.08,0.06,0.03,0.02,0.01,0.01,0,0.01,0,0
学7栋7121室电表,0.15,0.13,0.14,0.14,0.52,0.14,0.14,0.13,0.2,0.28,0.65,1.45,1.03,0.44,1.23,0.56,0.24,0.93,0.31,0.23,0.13,0.73,0.16,0.13,0.15,0.13,0.14,0.53,0.13,0.14,0,0
学7栋7122室电表,0.05,0.01,0.03,0.01,0.01,0.01,0.01,0.01,0.09,0,0,0,0.03,0.27,0.03,0.05,0.03,0.01,0.01,0.21,0.09,0.37,0.23,1.08,1.2,1.04,0.87,0.02,0.03,0.02,0,0
学7栋7133室电表,0.77,0.62,0.08,0.04,0.04,0.03,0.04,0.04,0.04,0.02,0.01,0,0.01,0.23,0.45,0.09,0.02,0.02,0,0.01,0.15,0.11,0.62,0.74,1.25,0.61,0.26,0.03,0.03,0.04,0,0
学7栋7146室电表,0.55,0.55,0.53,0.39,0.05,0.05,0.06,0.05,0.06,0.01,0,0,0.11,0.09,0.11,0.13,0.1,0.11,0.18,0.22,0.16,0.55,0.54,0.53,0.5,0.32,0.06,0.07,0.05,0.07,0,0
学7栋7211室电表,0.11,0.12,0.11,0.09,0.11,0.1,0.09,0.11,0.12,0.1,0.12,0.1,0.11,0.28,0.22,0.1,0.11,0.1,0.15,0.35,0.33,0.3,0.26,0.24,0.1,0.12,0.08,0.08,0.11,0.08,0,0
学7栋7220室电表,0.28,0.01,0,0.01,0,0.01,0,0.01,0.03,0.01,0.01,0,0.01,0.36,0.19,0.01,0,0.01,0.07,0.48,0.55,0.39,0.33,0.26,0.43,0.41,0.17,0.01,0,0.01,0,0
学7栋7237室电表,0.19,0.14,0.14,0.13,0.13,0.13,0.12,0.13,0.15,0.14,0.14,0.12,0.13,0.3,0.21,0.13,0.13,0.12,0.16,0.13,0.23,0.23,0.33,0.18,0.13,0.1,0.09,0.08,0.09,0.1,0,0
学7栋7240室电表,0.41,0.06,0.01,0.02,0.03,0.01,0.01,0.01,1.1,0.03,0.03,0.03,0.03,0.5,0.57,1.6,1.21,0.08,0.31,0.45,0.23,0.38,0.39,0.37,0.4,0.23,0.08,0.02,0.01,0.02,0,0
学7栋7308室电表,0.22,0.09,0.05,0.05,0.06,0.05,0.05,0.07,0.14,0.21,0.2,0.17,0.19,0.18,0.14,0.05,0.06,0.05,0.06,0.67,0.62,0.24,0.99,0.26,0.15,0.01,0.01,0.01,0.01,0.01,0,0
学7栋7317室电表,0.28,0.25,0.09,0.06,0.06,0.06,0.06,0.07,0.1,0.08,0.09,0.09,0.1,0.36,0.14,0.06,0.06,0.07,0.06,0.35,0.32,0.14,0.13,0.42,0.21,0.11,0.12,0.08,0.07,0.08,0,0
学7栋7318室电表,1.08,0.29,0.11,0.01,0.01,0.01,0.01,0.01,0.09,0.15,0.15,0.09,0.08,0.18,0.24,0.15,0.16,0.12,0.14,0.5,0.61,0.46,0.44,0.35,0.36,0.35,0.33,0.26,0.21,0.12,0,0
学7栋7336室电表,0.41,0.29,0.22,0.18,0.18,0.04,0.01,0,0.01,0,0,0,0,0,0.17,0.03,0.03,0.02,0.03,0.34,0.39,0.39,0.51,0.66,0.33,0.21,0.04,0.03,0.02,0.01,0,0
学7栋7348室电表,0.25,0.28,0.12,0.02,0.02,0.19,0.29,0.17,0.08,0.09,0.09,0.09,0.05,0.01,0.03,0.04,0.01,0.01,0.03,0.39,0.45,0.45,0.48,0.43,0.36,0.43,0.43,0.42,0.41,0.09,0,0
学7栋7401室电表,0.49,0.46,0.17,0.02,0.02,0.02,0.01,0.01,0.12,0.51,0.5,0.21,0.16,0.19,0.23,0.19,0.17,0.17,0.2,0.22,0.21,0.38,0.2,0.18,0.19,0.17,0.18,0.15,0.17,0.08,0,0
学7栋7402室电表,0.45,0.21,0.02,0.02,0.01,0.01,0.02,0.01,0.01,0.01,0.03,0.01,0.02,0.05,0.29,0.4,0.43,0.43,0.39,0.35,0.59,0.33,0.47,0.46,0.46,0.43,0.03,0.02,0.01,0.01,0,0
学7栋7403室电表,0.34,0.04,0.03,0.04,0.03,0.03,0.03,0.03,0.06,0.12,0.05,0.03,0.09,0.22,0.47,0.62,0.71,0.69,0.44,0.4,0.7,0.51,0.41,0.37,0.43,0.29,0.04,0.04,0.03,0.03,0,0
学7栋7406室电表,0.08,0.01,0.01,0.01,0,0.01,0.01,0.04,0.21,0.34,0.13,0.15,0.11,0.25,0.28,0.26,0.22,0.23,0.25,0.26,0.35,0.39,0.46,0.45,0.22,0.19,0.02,0.01,0.01,0,0,0
学7栋7408室电表,0.23,0.19,0.01,0.01,0.01,0.01,0.01,0.02,0.04,0.02,0.01,0.01,0.25,0.7,0.84,0.7,0.67,0.67,0.62,0.62,0.86,0.9,0.81,0.74,0.27,0.03,0.03,0.02,0.02,0.02,0,0
学7栋7410室电表,0.76,0.26,0.17,0.16,0,0.01,0.01,0,0.02,0.07,0.06,0.03,0,0.22,0.09,0.01,0,0.1,0.27,0.26,0.29,0.35,0.51,0.28,0.24,0.42,0.29,0.14,0.01,0,0,0
学7栋7411室电表,0.07,0.07,0.07,0.09,0.06,0.05,0.06,0.05,0.27,0.17,0.1,0.01,0.02,0.24,0.62,0.35,0.25,0.25,0.23,0.25,0.41,0.37,0.56,0.44,0.08,0.09,0.05,0.01,0.03,0.01,0,0
学7栋7422室电表,0.23,0.26,0.24,0.15,0.04,0.01,0,0,0.01,0,0.01,0.04,0.1,0.05,0.04,0.05,0.24,0.24,0.24,0.23,0.25,0.28,0.18,0.18,0.23,0.24,0.28,0.24,0.24,0.25,0,0
学7栋7431室电表,0.37,0.36,0.16,0.04,0.01,0.03,0.01,0.01,0.01,0.01,0.01,0.01,0.01,0.01,0.01,0.02,0.14,0.36,0.38,0.36,0.4,0.27,0.25,0.27,0.28,0.36,0.41,0.33,0.15,0,0,0
学7栋7442室电表,0.43,0.26,0.03,0.02,0.01,0.02,0.01,0.02,0.01,0.01,0.02,0.02,0.09,0.13,0.12,0.12,0.06,0.02,0.15,0.29,0.26,0.3,0.21,0.2,0.2,0.39,0.3,0.17,0.18,0.15,0,0
学7栋7446室电表,0.44,0.38,0.19,0.18,0.23,0.25,0.25,0.26,0.26,0.32,0.25,0.27,0.32,0.22,0.19,0.16,0.16,0.16,0.21,0.21,0.26,0.31,0.29,0.4,0.3,0.26,0.25,0.16,0.21,0.19,0,0
学7栋7503室电表,0.5,0.38,0.1,0,0.01,0.01,0,0.01,0.04,0.01,0,0.01,0,0.1,0.22,0.06,0.05,0.22,0.33,0.27,0.29,0.48,0.34,0.36,0.3,0.19,0.01,0.02,0.01,0.01,0,0
学7栋7506室电表,0.51,0.13,0.01,0.01,0.01,0.01,0.01,0.01,0.01,0.02,0,0.01,0.01,0.27,0.4,0.11,0.13,0.51,0.64,0.4,0.38,0.5,0.59,0.64,0.52,0.09,0.01,0.01,0.01,0.01,0,0
学7栋7507室电表,0.14,0.14,0.14,0.17,0.15,0.15,0.14,0.14,0.16,0.16,0.15,0.14,0.15,0.15,0.15,0.17,0.24,0.15,0.16,0.17,0.2,0.24,0.17,0.16,0.16,0.05,0.02,0.01,0.01,0.01,0,0
学7栋7511室电表,0.19,0.16,0.12,0.14,0.11,0.12,0.11,0.12,0.07,0.08,0,0.01,0.01,0.11,0.13,0.15,0.12,0.21,0.16,0.16,0.18,0.44,0.62,0.43,0.17,0.13,0.1,0.11,0.09,0.09,0,0
学7栋7512室电表,0.15,0.07,0.09,0.07,0.08,0.06,0.06,0.07,0.07,0.11,0.05,0.06,0.06,0.52,0.29,0.01,0.18,0.35,0.34,0.23,0.17,0.47,0.37,0.5,0.19,0.05,0.01,0.02,0.01,0.01,0,0
学7栋7513室电表,0.56,0.44,0.09,0.02,0.01,0.01,0.01,0.01,0.04,0.03,0.02,0.01,0.02,0.19,0.41,0.02,0.04,0.36,0.5,0.45,0.49,0.64,0.54,0.56,0.57,0.51,0.04,0.03,0.01,0.01,0,0
学7栋7517室电表,1.14,1.01,0.73,0.51,0.57,0.48,0.49,0.49,0.5,0.12,0.46,0.49,0.37,0.14,0.34,0.73,0.6,0.6,0.51,0.54,0.4,0.4,0.24,0.2,0.05,0.02,0.03,0.05,0.02,0.01,0,0
学7栋7522室电表,0.53,0.42,0.39,0.39,0.06,0.03,0.01,0.14,0,0.02,0.01,0.01,0.01,0,0.08,0.2,0.23,0.16,0.01,0.05,0.14,0.22,0.38,0.38,0.27,0.09,0.03,0.03,0.01,0.01,0,0
学7栋7527室电表,0.45,0.41,0.37,0.2,0.11,0.1,0.09,0.11,0.2,0.31,0.29,0.39,0.46,0.5,0.37,0.07,0.07,0.08,0.07,0.49,0.53,0.46,0.36,0.45,0.3,0.19,0.1,0.08,0.07,0.08,0,0
学7栋7532室电表,0.28,0.06,0.02,0.02,0.01,0.01,0.01,0.01,0.04,0.04,0.01,0.31,0.46,0.29,0.08,0.01,0.01,0.01,0.03,0.51,0.49,0.59,0.36,0.28,0.03,0.02,0.01,0.02,0.01,0.01,0,0
学7栋7535室电表,0.21,0.36,0.33,0.19,0.13,0.09,0.09,0.08,0.09,0.08,0.12,0.1,0.1,0.22,0.14,0.12,0.19,0.43,0.34,0.31,0.31,0.22,0.19,0.19,0.17,0.14,0.14,0.16,0.13,0.13,0,0
学7栋7538室电表,0.47,0.29,0.05,0.06,0.03,0.01,0.01,0.01,0.01,0.02,0.01,0.03,0.07,0.09,0.12,0.06,0.07,0.13,0.16,0.29,0.46,0.38,0.42,0.5,0.44,0.32,0.08,0.02,0.02,0.01,0,0
学7栋7539室电表,0.24,0.21,0.12,0.01,0.03,0.03,0.01,0.02,0.01,0.01,0.01,0.08,0.2,0.32,0.29,0.22,0.18,0.23,0.24,0.3,0.3,0.41,0.21,0.18,0.14,0.07,0.08,0.07,0.06,0.03,0,0
学7栋7550室电表,0.42,0.08,0.11,0.01,0.02,0.02,0.01,0,0.01,0.01,0,0.01,0.01,0.24,0.39,0.3,0.38,0.38,0.32,0.28,0.4,0.4,0.39,0.06,0.08,0.06,0.04,0.05,0.04,0.04,0,0
学7栋7609室电表,0.31,0.05,0.02,0.01,0.02,0.02,0.02,0.04,0.08,0.3,0.3,0.29,0.28,0.31,0.29,0.29,0.33,0.36,0.54,0.58,0.53,0.5,0.67,0.54,0.52,0.48,0.23,0.02,0.02,0.02,0,0
学7栋7610室电表,0.43,0.11,0,0.01,0,0.01,0,0.01,0.03,0.15,0.02,0.01,0.04,0.12,0.29,0.34,0.51,0.42,0.49,0.46,0.44,0.48,0.57,0.49,0.3,0.08,0.01,0,0.01,0.01,0,0
学7栋7612室电表,0.21,0.27,0.21,0.08,0,0.01,0.01,0,0.03,0.04,0.07,0.06,0.13,0.17,0.19,0.18,0.28,0.3,0.23,0.22,0.34,0.39,0.53,0.22,0.3,0.32,0.2,0.04,0.01,0.01,0,0
学7栋7616室电表,0.18,0.19,0.18,0.11,0.01,0.01,0.02,0.15,0.12,0.08,0.14,0.14,0.12,0.09,0.09,0.08,0.15,0.32,0.32,0.27,0.38,0.46,0.55,0.46,0.32,0.16,0.15,0.13,0.17,0.02,0,0
学7栋7618室电表,0.24,0.17,0.02,0.01,0.02,0.04,0.03,0.01,0.04,0.08,0.01,0.01,0.02,0.02,0.33,0.17,0.2,0.17,0.18,0.37,0.34,0.45,0.55,0.4,0.33,0.06,0.02,0.01,0.01,0.01,0,0
学7栋7623室电表,0.39,0.32,0.2,0.18,0.21,0.17,0.13,0.08,0.08,0.08,0.08,0.08,0.06,0.13,0.18,0.1,0.08,0.07,0.08,0.07,0.68,0.54,0.26,0.35,0.17,0.09,0.09,0.07,0.06,0.06,0,0
学7栋7625室电表,0.47,0.15,0.01,0.01,0.01,0.01,0.01,0.01,0.02,0.08,0.08,0.08,0.09,0.2,0.27,0.54,0.45,0.52,0.32,0.26,0.27,0.46,0.55,0.57,0.48,0.37,0.01,0.02,0.02,0.02,0,0
学7栋7626室电表,0.54,0.49,0.21,0.05,0.06,0.06,0.04,0.09,0.13,0.31,0.23,0.13,0.18,0.34,0.45,0.4,0.33,0.32,0.47,0.19,0.24,0.27,0.48,0.32,0.29,0.21,0.24,0.08,0.06,0.05,0,0
学7栋7627室电表,0.37,0.21,0.14,0.02,0,0.01,0.01,0.01,0.06,0.16,0.22,0.11,0.12,0.1,0.19,0.21,0.18,0.21,0.22,0.33,0.2,0.46,0.57,0.57,0.35,0.23,0.07,0.02,0.01,0.01,0,0
学7栋7628室电表,0.05,0.09,0.02,0.01,0.01,0.01,0.01,0.01,0.01,0.03,0.01,0.04,0.12,0.13,0.32,0.28,0.33,0.39,0.54,0.42,0.49,0.56,0.48,0.36,0.16,0.04,0.05,0.03,0.02,0.02,0,0
学7栋7630室电表,0.1,0.02,0.01,0,0.01,0.01,0.01,0.01,0.37,0.4,0.22,0.24,0.25,0.35,0.32,0.37,0.24,0.44,0.5,0.34,0.19,0.48,0.37,0.4,0.21,0.01,0.01,0.02,0.01,0.01,0,0
学7栋7635室电表,0.37,0.01,0,0.01,0.01,0.01,0,0.01,0.01,0.01,0.1,0.01,0.11,0.3,0.25,0.41,0.55,0.22,0.15,0.15,0.17,0.58,0.63,0.52,0.19,0,0.01,0.01,0,0.01,0,0
学7栋7637室电表,0.33,0.14,0.54,0.72,0.56,0.53,0.55,0.53,0.51,0.6,0.54,0.58,0.56,0.56,0.54,0.77,0.51,0.49,0.54,0.51,0.49,0.56,0.58,0.57,0.58,0.52,0.63,0.48,0.02,0.02,0,0
学7栋7642室电表,0.33,0.22,0.08,0.08,0.02,0.02,0.02,0.02,0.23,0.23,0.07,0.02,0.02,0.09,0.16,0.23,0.29,0.19,0.15,0.12,0.09,0.14,0.2,0.4,0.42,0.27,0.06,0.03,0.03,0,0,0
学9栋9103室电表,0.21,0.04,0.05,0.04,0.01,0.01,0.01,0.03,0.06,0.03,0.01,0.01,0.02,0.29,0.52,0.42,0.32,0.13,0.2,0.39,0.46,0.37,0.41,0.39,0.41,0.25,0.06,0.04,0.03,0.02,0,0
学9栋9105室电表,0.75,0.23,0.21,0.18,0.24,0.19,0.12,0.04,0.03,0.01,0,0.73,1.29,1.09,0.19,0.09,0.2,0.21,0.15,0.2,0.21,0.18,1.13,0.9,1.07,0.72,0.64,0.84,0.55,0.55,0,0
学9栋9107室电表,0.46,0.19,0.15,0.07,0.04,0.02,0.02,0.01,0.04,0.02,0.01,0.34,0.54,0.26,0.07,0.01,0.02,0.07,0.21,0.12,0.21,0.25,0.68,0.61,0.66,0.2,0.15,0.05,0.02,0.01,0,0
学9栋9108室电表,0.31,0.2,0.03,0,0.02,0,0.01,0.02,0.07,0,0.01,0.01,0.01,0.03,0.16,0.06,0.07,0.07,0.13,0.45,0.64,0.41,0.61,0.38,0.51,0.25,0.09,0.06,0.03,0.02,0,0
学9栋9110室电表,0.37,0.35,0.13,0.03,0.03,0.02,0.01,0.02,0.04,0.01,0,0.02,0.01,0.4,0.52,0.46,0.37,0.04,0.14,0.46,0.47,0.4,0.34,0.45,0.37,0.08,0.02,0.02,0.01,0.02,0,0
学9栋9119室电表,0.4,0.29,0.16,0.03,0.01,0.02,0.02,0.01,0.35,0.45,0.29,0.56,0.64,0.32,0.17,0.08,0.44,0.05,0.26,0.53,0.21,0.15,0.51,0.58,0.53,0.11,0.04,0.02,0.03,0.01,0,0
学9栋9120室电表,0.34,0.14,0.02,0.01,0.02,0.01,0.02,0.01,0.03,0.03,0.01,0.13,0.25,0.19,0.06,0.12,0.41,0.31,0.32,0.32,0.29,0.27,0.33,0.4,0.42,0.08,0.03,0.03,0.02,0.01,0,0
学9栋9123室电表,0.11,0.13,0.1,0.06,0.05,0.07,0.06,0.05,0.07,0.1,0.17,0.32,0.19,0.13,0.12,0.09,0.22,0.12,0.15,0.4,0.09,0.15,0.41,0.24,0.2,0.1,0.09,0.08,0.08,0.07,0,0
学9栋9125室电表,0.71,0.35,0.2,0.19,0.16,0.12,0.09,0.1,0.28,0.62,0.24,0.36,0.51,0.48,0.33,0.33,0.43,0.27,0.26,0.38,0.45,0.44,0.45,0.47,0.63,0.46,0.24,0.15,0.11,0.08,0,0
学9栋9128室电表,0.37,0.3,0.09,0.08,0.05,0.07,0.05,0.07,0.07,0.07,0.05,0.06,0.06,0.27,0.38,0.22,0.26,0.07,0.28,0.24,0.13,0.39,0.5,0.7,0.72,0.2,0.08,0.06,0.07,0.05,0,0
学9栋9129室电表,0.27,0.27,0.14,0.14,0.15,0.17,0.14,0.14,0.19,0.54,0.31,0.23,0.17,0.64,0.36,0.1,0.14,0.12,0.29,0.33,0.35,0.38,0.56,0.44,0.28,0.12,0.12,0.1,0.13,0.09,0,0
学9栋9131室电表,0.33,0.14,0.11,0.11,0.03,0.04,0.03,0.03,0.06,0.07,0.3,0.45,0.44,0.21,0.26,0.12,0.47,0.12,0.21,0.39,0.22,0.51,0.69,0.5,0.15,0.11,0.1,0.11,0.09,0.03,0,0
学9栋9132室电表,0.12,0.01,0.01,0.02,0.01,0.01,0.01,0.01,0.23,0.02,0,0,0,0.39,0.34,0.32,0.38,0.15,0.2,0.34,0.18,0.25,0.43,0.53,0.15,0.02,0.02,0.02,0.01,0.01,0,0
学9栋9142室电表,0.27,0.21,0.04,0.04,0.03,0.02,0.04,0.02,0.14,0.4,0.42,0.03,0.03,0.23,0.98,0.45,0.28,0.03,0.15,0.53,0.19,0.27,0.64,0.37,0.38,0.31,0.09,0.03,0.02,0.03,0,0
学9栋9146室电表,0.43,0.15,0.04,0.01,0.01,0,0.01,0.01,0.08,0.12,0.46,0.01,0.01,0.22,0.09,0.03,0.02,0.02,0.14,0.47,0.43,0.33,0.8,0.29,0.17,0.05,0.01,0.02,0.01,0.01,0,0
学9栋9148室电表,0.25,0.24,0.33,0.24,0.43,0.1,0.11,0.08,0.1,0.13,0.12,0.09,0.08,0.29,0.16,0.1,0.08,0.01,0.08,0.47,0.3,0.4,0.54,0.34,0.25,0.09,0.03,0.04,0.02,0.02,0,0
学9栋9201室电表,0.52,0.35,0.13,0.05,0.03,0.02,0.02,0.02,0.06,0.18,0.31,0.59,0.64,0.48,0.16,0.12,0.35,0.74,0.85,0.32,0.08,0.34,0.76,0.43,0.52,0.34,0.06,0.04,0.04,0.01,0,0
学9栋9203室电表,0.44,0.45,0.3,0.28,0.02,0.03,0.02,0,0.04,0.01,0.01,0.01,0.03,0.02,0.14,0.19,0.31,0.21,0.53,0.26,0.07,0.09,0.66,0.44,0.46,0.4,0.3,0.05,0.02,0.02,0,0
学9栋9205室电表,0.26,0.08,0.07,0.04,0.03,0.02,0.01,0.01,0.1,0.17,0.23,0.12,0.12,0.13,0.16,0.2,0.15,0.03,0.34,0.27,0.18,0.33,0.35,0.42,0.39,0.09,0.03,0.02,0.03,0.03,0,0
学9栋9207室电表,0.43,0.17,0.09,0.06,0.04,0.05,0.06,0.05,0.24,0.37,0.31,0.23,0.24,0.18,0.07,0.45,0.09,0.05,0.32,0.39,0.29,0.34,0.57,0.72,0.33,0.26,0.3,0.08,0.2,0.2,0,0
学9栋9208室电表,0.28,0.38,0.35,0.13,0.08,0.05,0.05,0.03,0.04,0.04,0.04,0.03,0.04,0.03,0.04,0.02,0.1,0.2,0.32,0.25,0.09,0.1,0.38,0.52,0.28,0.17,0.08,0.07,0.22,0.12,0,0
学9栋9210室电表,0.37,0.3,0.08,0.03,0.02,0.02,0.04,0.02,0.14,0.03,0.03,0.69,0.77,0.6,0.57,0.03,0.02,0.2,0.56,0.61,0.69,0.97,0.99,0.84,0.65,0.53,0.32,0.03,0.02,0.03,0,0
学9栋9211室电表,0.33,0.25,0.29,0.26,0.26,0.25,0.25,0.27,0.28,0.26,0.28,0.37,0.96,1.04,0.67,0.12,0.35,0.28,0.33,0.4,0.43,0.38,0.51,0.44,0.33,0.3,0.3,0.3,0.26,0.1,0,0
学9栋9213室电表,0.37,0.3,0.02,0.03,0.03,0.02,0.03,0.04,0.2,0.3,0.42,0.08,0.05,0.41,0.22,0.05,0.05,0.22,0.51,0.64,0.71,0.7,0.83,0.83,0.77,0.24,0.14,0.1,0.1,0.11,0,0
学9栋9215室电表,0.26,0.01,0.01,0.01,0.02,0.02,0.01,0.02,0.15,0.25,0.19,0.01,0,0.69,0.63,0.1,0.09,0.09,0.26,0.47,0.7,0.8,0.9,0.92,0.76,0.53,0.6,0.46,0.46,0.46,0,0
学9栋9216室电表,0.83,0.15,0.06,0.08,0.07,0.06,0.07,0.1,0.09,0.1,0.14,0.1,0.1,0.14,0.14,0.1,0.1,0.11,0.23,0.43,0.38,0.43,0.46,0.25,0.42,0.75,0.12,0.02,0.02,0.02,0,0
学9栋9217室电表,0.38,0.06,0.05,0.04,0.04,0.03,0.03,0.05,0.06,0.05,0.04,0.03,0.03,0.11,0.24,0.04,0.03,0.03,0.16,0.54,0.42,0.45,0.72,0.72,0.29,0.24,0.29,0.22,0.17,0.03,0,0
学9栋9218室电表,0.43,0.24,0.15,0.05,0.03,0.04,0.04,0.04,0.09,0.18,0.25,0.1,0.11,0.34,0.41,0.18,0.27,0.35,0.42,0.13,0.08,0.17,0.79,0.43,0.18,0.07,0.05,0.03,0.03,0.04,0,0
学9栋9219室电表,0.1,0.05,0.03,0.03,0.02,0.02,0.02,0.03,0.12,0.39,0.31,0.14,0.07,0.16,0.27,0.3,0.23,0.17,0.37,0.18,0.27,0.24,0.36,0.25,0.15,0.03,0.02,0.02,0.01,0.01,0,0
学9栋9220室电表,0.48,0.05,0.03,0.03,0.01,0.01,0.02,0.01,0.17,0.49,0.49,0.12,0.08,0.2,0.59,0.47,0.44,0.41,0.29,0.27,0.09,0.2,0.65,0.56,0.39,0.26,0.09,0.05,0.05,0.06,0,0
学9栋9225室电表,0.16,0.01,0.01,0.01,0.01,0.01,0.01,0.01,0.03,0.04,0.05,0.06,0.05,0.19,0.09,0.12,0.26,0.42,0.36,0.34,0.39,0.6,0.44,0.22,0.18,0.08,0.08,0.04,0.03,0.04,0,0
学9栋9228室电表,0.12,0.09,0.09,0.11,0.09,0.08,0.09,0.11,0.09,0.09,0.12,0.11,0.16,0.32,0.32,0.22,0.23,0.29,0.36,0.54,0.36,0.33,0.36,0.39,0.1,0.09,0.15,0.21,0.21,0.21,0,0
学9栋9229室电表,0.53,0.02,0.03,0.03,0.01,0.01,0.01,0.02,0.11,0.27,0.3,0.41,0.31,0.38,0.32,0.4,0.32,0.32,0.36,0.74,0.59,0.53,0.7,0.68,0.65,0.22,0.02,0.01,0.01,0.01,0,0
学9栋9233室电表,0.48,0.44,0.1,0.06,0.03,0.05,0.03,0.21,0.06,0.05,0.05,0.04,0.03,0.4,0.48,0.11,0.32,0.07,0.06,0.14,0.06,0.05,0.37,0.5,0.1,0.02,0.04,0.02,0.01,0.02,0,0
学9栋9236室电表,0.22,0.16,0.12,0.04,0,0.01,0,0.01,0.03,0.02,0.01,0.17,0.22,0.23,0.22,0.28,0.24,0.22,0.14,0.28,0.31,0.35,0.25,0.15,0,0.01,0.01,0.18,0.23,0.3,0,0
学9栋9238室电表,0.25,0.35,0.26,0.25,0.34,0.26,0.14,0.02,0.02,0.01,0,0.02,0,0.21,0.25,0.34,0.15,0.42,0.3,0.21,0.52,0.35,0.29,0.43,0.28,0.25,0.27,0.27,0.26,0.23,0,0
学9栋9240室电表,0.39,0.04,0.07,0.03,0.02,0.02,0.02,0.01,0.01,0.01,0.02,0.02,0.02,0.15,0.2,0.19,0.07,0.09,0.09,0.22,0.32,0.42,0.43,0.54,0.47,0.06,0.09,0.08,0.03,0.02,0,0
学9栋9248室电表,0.79,0.33,0.08,0.04,0,0.01,0.01,0.02,0.08,0.01,0,0.01,0,0.07,0.05,0.05,0.26,0.39,0.39,0.59,0.66,0.65,0.85,1.07,0.66,0.23,0.08,0.05,0.03,0.03,0,0
学9栋9306室电表,0.06,0.02,0.08,0.11,0.08,0.09,0.1,0.09,0.12,0.09,0.09,0.08,0.04,0.05,0.02,0,0.01,0.01,0.02,0.06,0.06,0.17,0.15,0.83,0.75,0.59,0.68,0.57,0.55,0.7,0,0
学9栋9307室电表,0.68,0.18,0.02,0.02,0.02,0.02,0.02,0.02,0.19,0.04,0.01,0.24,0.54,0.55,0.04,0.02,0.03,0.61,0.58,0.46,0.22,0.48,0.31,0.21,0.11,0.08,0.75,0.5,0.39,0.51,0,0
学9栋9313室电表,0.27,0.18,0.09,0.09,0.11,0.09,0.11,0.09,0.14,0.12,0.1,0.2,0.31,0.4,0.26,0.19,0.22,0.53,0.4,0.64,0.42,0.52,0.33,0.39,0.46,0.34,0.16,0.1,0.09,0.12,0,0
学9栋9316室电表,0.32,0.09,0.03,0.01,0.02,0.01,0.01,0.03,0.07,0.01,0,0.26,0.42,0.34,0.27,0.12,0.09,0.08,0.1,0.26,0.33,0.59,0.37,0.32,0.35,0.08,0.03,0.03,0.01,0.02,0,0
学9栋9317室电表,0.6,0.54,0.38,0.28,0.12,0.1,0.11,0.09,0.1,0.34,0.3,0.14,0.09,0.25,0.17,0.1,0.13,0.53,0.56,0.57,0.55,0.66,0.74,0.46,0.63,0.37,0.2,0.06,0.06,0.07,0,0
学9栋9319室电表,0.3,0.03,0.15,0.2,0.14,0.01,0.01,0.02,0.18,0.11,0.03,0.09,0.11,0.28,0.03,0.01,0.02,0.36,0.37,0.25,0.33,0.36,0.69,0.72,0.52,0.21,0.04,0.15,0.2,0.12,0,0
学9栋9320室电表,0.32,0.28,0.11,0.06,0.07,0.08,0.1,0.09,0.31,0.38,0.26,0.64,0.84,0.87,0.39,0.25,0.3,0.29,0.29,0.77,0.56,0.69,1.07,1.04,0.95,0.65,0.44,0.18,0.11,0.16,0,0
学9栋9321室电表,0.24,0.12,0.09,0.09,0.07,0.06,0.07,0.06,0.24,0.46,0.24,0.18,0.13,0.18,0.3,0.13,0.17,0.56,0.47,0.38,0.71,0.49,0.51,0.37,0.25,0.21,0.16,0.11,0.1,0.13,0,0
学9栋9325室电表,0.3,0.18,0.01,0.01,0.01,0.01,0.01,0.01,0.1,0.31,0.26,0.74,0.84,0.54,0.08,0.05,0.04,0.75,0.65,0.5,0.25,0.5,0.56,0.2,0.21,0.05,0.01,0.02,0,0.02,0,0
学9栋9327室电表,0.38,0.45,0.34,0.21,0.01,0.01,0.01,0.01,0.11,0.57,0.46,0.5,0.42,0.14,0.12,0.01,0.05,0.96,0.92,0.7,0.52,0.84,1.28,0.85,0.56,0.2,0.21,0.06,0.01,0.01,0,0
学9栋9328室电表,0.14,0.1,0.04,0.02,0.02,0.02,0.01,0.02,0.02,0.01,0,0.14,0.21,0.2,0.09,0.07,0.01,0.22,0.66,0.86,0.51,0.59,0.54,0.36,0.34,0.15,0.05,0.03,0.02,0.01,0,0
学9栋9330室电表,0.22,0.16,0.08,0.05,0.05,0.01,0.01,0.02,0.04,0.06,0.05,0.27,0.11,0.24,0.12,0.01,0.03,0.25,0.19,0.36,0.29,0.26,0.71,0.53,0.16,0.08,0.04,0.02,0.01,0.02,0,0
学9栋9331室电表,0.32,0.17,0.14,0.03,0.04,0.02,0.02,0.01,0.06,0.21,0.19,0.32,0.45,1.12,0.55,0.37,0.43,0.55,0.77,0.87,0.52,0.65,0.79,0.75,0.36,0.04,0.03,0.02,0.01,0.01,0,0
学9栋9335室电表,0.49,0.4,0.33,0.06,0.03,0.02,0.03,0.02,0.03,0.02,0.01,0.01,0.01,0.31,0.39,0.27,0.31,0.33,0.34,0.35,0.35,0.25,0.66,0.53,0.57,0.39,0.3,0.05,0.04,0.03,0,0
学9栋9340室电表,0.18,0.13,0.05,0.02,0.02,0.01,0.02,0.03,0.02,0.06,0.01,0.26,0.28,0.33,0.28,0.21,0.26,0.35,0.35,0.31,0.36,0.39,0.43,0.1,0.06,0.05,0.03,0.03,0.01,0.02,0,0
学9栋9346室电表,0.37,0.23,0.24,0.19,0.22,0.17,0.18,0.22,0.26,0.38,0.31,0.36,0.31,0.29,0.34,0.34,0.38,0.36,0.29,0.26,0.35,0.41,0.56,0.53,0.46,0.25,0.11,0.03,0.01,0.02,0,0
学9栋9350室电表,0.7,0.58,0.47,0.19,0.22,0.03,0.13,0.27,0.22,0.33,0.34,0.3,0.41,0.52,0.75,0.65,1.26,1.2,1.16,0.93,0.79,0.71,0.73,0.21,0.07,0.06,0.06,0.06,0.02,0.03,0,0
学9栋9352室电表,0.47,0.36,0.39,0.36,0.11,0.03,0.02,0.02,0.01,0.01,0,0,0,0.02,0.02,0.01,0.02,0.03,0.27,0.3,0.41,0.29,0.45,0.34,0.36,0.69,0.44,0.6,0.5,0.54,0,0
学9栋9402室电表,0.29,0.2,0.2,0.18,0.19,0.14,0.15,0.16,0.13,0.22,0.19,0.19,0.2,0.29,0.3,0.1,0.14,0.12,0.16,0.26,0.23,0.32,0.28,0.34,0.16,0.07,0.08,0.11,0.05,0.06,0,0
学9栋9405室电表,0.6,0.27,0.12,0.09,0.03,0.02,0.01,0.03,0.07,0.03,0.01,0.01,0.01,0.24,0.36,0.02,0.09,0.44,0.31,0.29,0.25,0.45,0.45,0.18,0.05,0.07,0.01,0.04,0.02,0.02,0,0
学9栋9410室电表,0.5,0.15,0.05,0.04,0.04,0.04,0.04,0.05,0.06,0.06,0.06,0.23,0.27,0.65,0.46,0.26,0.27,0.33,0.41,0.41,0.65,0.69,0.78,0.46,0.31,0.18,0.1,0.11,0.1,0.09,0,0
学9栋9412室电表,0.14,0.05,0.07,0.05,0.04,0.05,0.04,0.27,0.27,0.37,0.39,0.13,0.05,0.3,0.36,0.01,0,0.01,0.06,0.38,0.54,0.47,0.7,0.55,0.47,0.07,0.04,0.06,0.05,0.04,0,0
学9栋9413室电表,0.54,0.13,0.06,0.05,0.04,0.04,0.04,0.05,0.09,0.14,0.06,0.06,0.06,0.08,0.1,0.05,0.04,0.05,0.1,0.41,0.05,0.04,0.53,0.39,0.4,0.45,0.14,0.04,0.05,0.04,0,0
学9栋9419室电表,0.36,0.17,0.18,0.04,0.04,0.04,0.04,0.03,0.09,0.02,0.26,0.15,0.06,0.31,0.24,0.01,0,0.02,0.07,0.4,0.47,0.41,0.26,0.5,0.32,0.31,0.05,0.04,0.03,0.03,0,0
学9栋9420室电表,0.51,0.03,0.01,0.03,0,0.01,0.01,0,0.03,0.04,0.02,0.01,0,0.27,0.45,0,0.01,0,0.16,0.52,0.29,0.31,0.58,0.65,0.41,0.07,0.01,0.01,0.01,0,0,0
学9栋9421室电表,0.21,0.05,0.05,0.03,0.04,0.04,0.03,0.04,0.08,0.06,0.03,0.03,0.04,0.3,0.23,0.03,0.03,0.04,0.08,0.35,0.37,0.34,0.49,0.5,0.27,0.21,0.05,0.05,0.04,0.03,0,0
学9栋9423室电表,0.81,0.23,0.03,0.02,0.01,0.01,0.01,0.02,0.19,0.03,0.04,0.02,0.02,0.4,0.34,0.16,0.13,0.16,0.25,0.64,0.65,0.71,0.67,0.9,0.68,0.2,0.02,0.01,0.01,0.01,0,0
学9栋9427室电表,0.36,0.07,0.03,0.01,0.01,0.02,0.01,0.01,0.1,0.24,0.19,0.02,0.02,0.34,0.42,0.48,0.23,0.01,0.1,0.55,0.26,0.17,0.43,0.61,0.23,0.05,0.02,0.02,0.02,0.01,0,0
学9栋9428室电表,0.05,0.03,0.03,0.03,0.03,0.03,0.02,0.05,0.2,0.06,0.09,0.07,0.08,0.62,0.24,0.09,0.07,0.09,0.28,0.32,0.29,0.25,0.2,0.71,0.34,0.12,0.01,0.02,0.01,0.01,0,0
学9栋9429室电表,0.13,0.06,0.06,0.06,0.04,0.06,0.05,0.04,0.31,0.04,0.03,0.02,0.03,0.14,0.1,0.15,0.12,0.07,0.05,0.09,0.12,0.14,0.82,0.73,0.43,0.4,0.31,0.07,0.08,0.04,0,0
学9栋9430室电表,0.48,0.02,0.01,0.03,0,0.01,0.01,0.01,0.02,0.01,0.01,0.08,0.12,0.43,0.29,0.01,0,0.01,0.07,0.61,0.62,0.45,0.58,0.77,0.25,0.03,0.01,0.02,0.01,0.01,0,0
学9栋9431室电表,0.68,0.12,0.1,0.24,0.18,0.04,0.04,0.04,0.17,0.06,0.06,0.06,0.06,0.31,0.31,0.28,0.1,0.02,0.03,0.08,0.07,0.07,0.32,0.52,0.34,0.33,0.15,0.03,0.04,0.04,0,0
学9栋9432室电表,0.25,0.13,0.13,0.15,0.13,0.15,0.13,0.16,0.19,0.14,0.15,0.13,0.15,0.29,0.17,0.15,0.15,0.1,0.12,0.43,0.43,0.55,0.58,0.8,0.09,0.08,0.06,0.06,0.07,0.05,0,0
学9栋9433室电表,0.67,0.16,0.04,0.06,0.03,0.04,0.03,0.03,0.15,0.01,0,0,0,0.24,0.36,0.34,0.39,0.31,0.18,0.16,0.05,0.1,0.26,0.56,0.33,0.2,0.11,0.13,0.18,0.13,0,0
学9栋9436室电表,0.24,0.18,0.2,0.24,0.19,0.22,0.18,0.21,0.2,0.03,0.13,0.07,0.07,0.09,0.28,0.08,0.06,0.06,0.1,0.19,0.21,0.22,0.31,0.36,0.19,0.17,0.18,0.17,0.21,0.25,0,0
学9栋9437室电表,0.42,0.09,0.07,0.11,0.08,0.09,0.08,0.07,0.37,0.05,0.07,0.05,0.07,0.22,0.14,0.11,0.08,0.18,0.18,0.16,0.22,0.3,0.2,0.39,0.23,0.11,0.07,0.06,0.09,0.05,0,0
学9栋9440室电表,0.3,0.12,0.09,0.11,0.07,0.09,0.07,0.07,0.13,0.07,0.08,0.06,0.08,0.31,0.37,0.44,0.27,0.28,0.3,0.47,0.08,0.09,0.45,0.44,0.23,0.16,0.08,0.07,0.08,0.07,0,0
学9栋9442室电表,0.36,0.05,0.03,0.05,0.04,0.02,0.03,0.02,0.03,0.01,0.02,0.02,0.01,0.13,0.42,0.67,0.37,0.16,0.64,0.58,0.32,0.34,0.76,0.84,0.6,0.32,0.06,0.04,0.03,0.02,0,0
学9栋9448室电表,0.19,0.05,0.03,0.04,0.03,0.04,0.04,0.03,0.12,0.26,0.33,0.12,0.13,0.21,0.26,0.24,0.23,0.18,0.2,0.25,0.14,0.28,0.35,0.39,0.06,0.05,0.03,0.03,0.04,0.03,0,0
学9栋9522室电表,0.03,0.03,0.06,0.59,0.56,0.04,0.01,0.01,0.01,0.01,0,0,0,0.61,0.51,0,0,0,0.06,0.18,0.85,0.66,0.7,0.66,0.61,0.58,0.6,0.61,0.62,0.6,0,0
